-- phpMyAdmin SQL Dump
-- version 5.0.4
-- https://www.phpmyadmin.net/
--
-- Host: 127.0.0.1
-- Tempo de geração: 04-Abr-2021 às 06:33
-- Versão do servidor: 10.4.17-MariaDB
-- versão do PHP: 8.0.2

SET SQL_MODE = "NO_AUTO_VALUE_ON_ZERO";
START TRANSACTION;
SET time_zone = "+00:00";


/*!40101 SET @OLD_CHARACTER_SET_CLIENT=@@CHARACTER_SET_CLIENT */;
/*!40101 SET @OLD_CHARACTER_SET_RESULTS=@@CHARACTER_SET_RESULTS */;
/*!40101 SET @OLD_COLLATION_CONNECTION=@@COLLATION_CONNECTION */;
/*!40101 SET NAMES utf8mb4 */;

--
-- Banco de dados: `recomendacao_games`
--

-- --------------------------------------------------------

--
-- Estrutura da tabela `failed_jobs`
--

CREATE TABLE `failed_jobs` (
  `id` bigint(20) UNSIGNED NOT NULL,
  `uuid` varchar(255) COLLATE utf8mb4_unicode_ci NOT NULL,
  `connection` text COLLATE utf8mb4_unicode_ci NOT NULL,
  `queue` text COLLATE utf8mb4_unicode_ci NOT NULL,
  `payload` longtext COLLATE utf8mb4_unicode_ci NOT NULL,
  `exception` longtext COLLATE utf8mb4_unicode_ci NOT NULL,
  `failed_at` timestamp NOT NULL DEFAULT current_timestamp()
) ENGINE=InnoDB DEFAULT CHARSET=utf8mb4 COLLATE=utf8mb4_unicode_ci;

-- --------------------------------------------------------

--
-- Estrutura da tabela `generos`
--

CREATE TABLE `generos` (
  `id` bigint(20) UNSIGNED NOT NULL,
  `igdb` varchar(255) COLLATE utf8mb4_unicode_ci NOT NULL,
  `nome` varchar(255) COLLATE utf8mb4_unicode_ci NOT NULL,
  `created_at` timestamp NULL DEFAULT NULL,
  `updated_at` timestamp NULL DEFAULT NULL
) ENGINE=InnoDB DEFAULT CHARSET=utf8mb4 COLLATE=utf8mb4_unicode_ci;

--
-- Extraindo dados da tabela `generos`
--

INSERT INTO `generos` (`id`, `igdb`, `nome`, `created_at`, `updated_at`) VALUES
(1, '4', 'Luta', '2021-04-04 07:23:39', '2021-04-04 07:23:39'),
(2, '5', 'Tiro', '2021-04-04 07:23:39', '2021-04-04 07:23:39'),
(3, '7', 'Música', '2021-04-04 07:23:39', '2021-04-04 07:23:39'),
(4, '8', 'Plataforma', '2021-04-04 07:23:39', '2021-04-04 07:23:39'),
(5, '4', 'Luta', '2021-04-04 07:23:39', '2021-04-04 07:23:39'),
(6, '9', 'Quebra-Cabeças', '2021-04-04 07:23:39', '2021-04-04 07:23:39'),
(7, '10', 'Corrida', '2021-04-04 07:23:39', '2021-04-04 07:23:39'),
(8, '11', 'Estratégia em tempo real', '2021-04-04 07:23:39', '2021-04-04 07:23:39'),
(9, '12', 'RPG', '2021-04-04 07:23:39', '2021-04-04 07:23:39'),
(10, '13', 'Simulador', '2021-04-04 07:23:39', '2021-04-04 07:23:39'),
(11, '14', 'Esporte', '2021-04-04 07:23:39', '2021-04-04 07:23:39'),
(12, '15', 'Estratégia', '2021-04-04 07:23:39', '2021-04-04 07:23:39'),
(13, '24', 'Tática', '2021-04-04 07:23:39', '2021-04-04 07:23:39'),
(14, '24', 'Hack and Slash', '2021-04-04 07:23:39', '2021-04-04 07:23:39'),
(15, '31', 'Aventura', '2021-04-04 07:23:39', '2021-04-04 07:23:39'),
(16, '33', 'Arcade', '2021-04-04 07:23:39', '2021-04-04 07:23:39'),
(17, '36', 'Moba', '2021-04-04 07:23:39', '2021-04-04 07:23:39');

-- --------------------------------------------------------

--
-- Estrutura da tabela `genero_jogo`
--

CREATE TABLE `genero_jogo` (
  `id` bigint(20) UNSIGNED NOT NULL,
  `jogo_id` bigint(20) UNSIGNED NOT NULL,
  `genero_id` bigint(20) UNSIGNED NOT NULL,
  `created_at` timestamp NULL DEFAULT NULL,
  `updated_at` timestamp NULL DEFAULT NULL
) ENGINE=InnoDB DEFAULT CHARSET=utf8mb4 COLLATE=utf8mb4_unicode_ci;

--
-- Extraindo dados da tabela `genero_jogo`
--

INSERT INTO `genero_jogo` (`id`, `jogo_id`, `genero_id`, `created_at`, `updated_at`) VALUES
(1, 1, 2, NULL, NULL),
(2, 1, 7, NULL, NULL),
(3, 1, 15, NULL, NULL),
(4, 2, 9, NULL, NULL),
(5, 2, 15, NULL, NULL),
(6, 3, 9, NULL, NULL),
(7, 3, 15, NULL, NULL),
(8, 4, 2, NULL, NULL),
(9, 4, 4, NULL, NULL),
(10, 4, 6, NULL, NULL),
(11, 4, 15, NULL, NULL),
(12, 5, 2, NULL, NULL),
(13, 5, 4, NULL, NULL),
(14, 5, 6, NULL, NULL),
(15, 6, 2, NULL, NULL),
(16, 6, 7, NULL, NULL),
(17, 6, 15, NULL, NULL),
(18, 7, 2, NULL, NULL),
(19, 7, 15, NULL, NULL),
(20, 8, 2, NULL, NULL),
(21, 9, 2, NULL, NULL),
(22, 9, 9, NULL, NULL),
(23, 10, 4, NULL, NULL),
(24, 10, 15, NULL, NULL),
(25, 11, 2, NULL, NULL),
(26, 11, 15, NULL, NULL),
(27, 12, 2, NULL, NULL),
(28, 12, 9, NULL, NULL),
(29, 12, 10, NULL, NULL),
(30, 13, 15, NULL, NULL),
(31, 14, 2, NULL, NULL),
(32, 14, 6, NULL, NULL),
(33, 14, 15, NULL, NULL),
(34, 15, 2, NULL, NULL),
(35, 15, 7, NULL, NULL),
(36, 15, 15, NULL, NULL),
(37, 15, 16, NULL, NULL),
(38, 16, 2, NULL, NULL),
(39, 16, 9, NULL, NULL),
(40, 17, 2, NULL, NULL),
(41, 17, 4, NULL, NULL),
(42, 17, 6, NULL, NULL),
(43, 17, 15, NULL, NULL),
(44, 18, 15, NULL, NULL),
(45, 19, 2, NULL, NULL),
(46, 19, 9, NULL, NULL),
(47, 19, 15, NULL, NULL),
(48, 20, 2, NULL, NULL),
(49, 20, 15, NULL, NULL),
(50, 21, 2, NULL, NULL),
(51, 21, 15, NULL, NULL),
(52, 22, 9, NULL, NULL),
(53, 22, 15, NULL, NULL),
(54, 23, 2, NULL, NULL),
(55, 23, 4, NULL, NULL),
(56, 23, 15, NULL, NULL),
(57, 24, 2, NULL, NULL),
(58, 24, 9, NULL, NULL),
(59, 24, 15, NULL, NULL),
(60, 25, 15, NULL, NULL),
(61, 26, 4, NULL, NULL),
(62, 26, 6, NULL, NULL),
(63, 26, 9, NULL, NULL),
(64, 26, 15, NULL, NULL),
(65, 27, 2, NULL, NULL),
(66, 27, 9, NULL, NULL),
(67, 28, 2, NULL, NULL),
(68, 28, 9, NULL, NULL),
(69, 29, 15, NULL, NULL),
(70, 30, 9, NULL, NULL),
(71, 30, 15, NULL, NULL),
(72, 31, 2, NULL, NULL),
(73, 32, 2, NULL, NULL),
(74, 32, 9, NULL, NULL),
(75, 33, 2, NULL, NULL),
(76, 33, 10, NULL, NULL),
(77, 34, 2, NULL, NULL),
(78, 35, 15, NULL, NULL),
(79, 36, 4, NULL, NULL),
(80, 36, 15, NULL, NULL),
(81, 37, 10, NULL, NULL),
(82, 37, 15, NULL, NULL),
(83, 37, 16, NULL, NULL),
(84, 38, 2, NULL, NULL),
(85, 38, 9, NULL, NULL),
(86, 39, 2, NULL, NULL),
(87, 39, 9, NULL, NULL),
(88, 39, 15, NULL, NULL),
(89, 40, 4, NULL, NULL),
(90, 40, 15, NULL, NULL),
(91, 41, 9, NULL, NULL),
(92, 42, 2, NULL, NULL),
(93, 42, 7, NULL, NULL),
(94, 42, 15, NULL, NULL),
(95, 43, 9, NULL, NULL),
(96, 43, 15, NULL, NULL),
(97, 44, 4, NULL, NULL),
(98, 44, 15, NULL, NULL),
(99, 45, 15, NULL, NULL),
(100, 46, 4, NULL, NULL),
(101, 47, 2, NULL, NULL),
(102, 47, 4, NULL, NULL),
(103, 47, 15, NULL, NULL),
(104, 48, 2, NULL, NULL),
(105, 48, 9, NULL, NULL),
(106, 49, 2, NULL, NULL),
(107, 50, 9, NULL, NULL),
(108, 50, 15, NULL, NULL),
(109, 51, 12, NULL, NULL),
(110, 51, 15, NULL, NULL),
(111, 52, 2, NULL, NULL),
(112, 52, 7, NULL, NULL),
(113, 52, 10, NULL, NULL),
(114, 52, 15, NULL, NULL),
(115, 53, 4, NULL, NULL),
(116, 53, 15, NULL, NULL),
(117, 54, 9, NULL, NULL),
(118, 54, 15, NULL, NULL),
(119, 55, 4, NULL, NULL),
(120, 55, 6, NULL, NULL),
(121, 55, 15, NULL, NULL),
(122, 56, 4, NULL, NULL),
(123, 56, 6, NULL, NULL),
(124, 56, 15, NULL, NULL),
(125, 57, 9, NULL, NULL),
(126, 57, 15, NULL, NULL),
(127, 58, 9, NULL, NULL),
(128, 58, 15, NULL, NULL),
(129, 59, 12, NULL, NULL),
(130, 59, 15, NULL, NULL),
(131, 60, 2, NULL, NULL),
(132, 61, 8, NULL, NULL),
(133, 61, 12, NULL, NULL),
(134, 62, 9, NULL, NULL),
(135, 62, 15, NULL, NULL),
(136, 63, 15, NULL, NULL),
(137, 64, 9, NULL, NULL),
(138, 64, 15, NULL, NULL),
(139, 65, 9, NULL, NULL),
(140, 65, 15, NULL, NULL),
(141, 66, 4, NULL, NULL),
(142, 66, 15, NULL, NULL),
(143, 67, 4, NULL, NULL),
(144, 67, 15, NULL, NULL),
(145, 68, 9, NULL, NULL),
(146, 68, 15, NULL, NULL),
(147, 69, 9, NULL, NULL),
(148, 70, 9, NULL, NULL),
(149, 70, 15, NULL, NULL),
(150, 71, 2, NULL, NULL),
(151, 72, 2, NULL, NULL),
(152, 73, 1, NULL, NULL),
(153, 73, 2, NULL, NULL),
(154, 73, 5, NULL, NULL),
(155, 73, 7, NULL, NULL),
(156, 73, 15, NULL, NULL),
(157, 74, 10, NULL, NULL),
(158, 74, 12, NULL, NULL),
(159, 75, 2, NULL, NULL),
(160, 75, 12, NULL, NULL),
(161, 76, 2, NULL, NULL),
(162, 76, 15, NULL, NULL),
(163, 77, 2, NULL, NULL),
(164, 78, 2, NULL, NULL),
(165, 78, 4, NULL, NULL),
(166, 78, 15, NULL, NULL),
(167, 79, 2, NULL, NULL),
(168, 79, 13, NULL, NULL),
(169, 79, 14, NULL, NULL),
(170, 79, 15, NULL, NULL),
(171, 80, 4, NULL, NULL),
(172, 80, 6, NULL, NULL),
(173, 80, 15, NULL, NULL),
(174, 81, 2, NULL, NULL),
(175, 81, 13, NULL, NULL),
(176, 81, 14, NULL, NULL),
(177, 82, 15, NULL, NULL),
(178, 83, 9, NULL, NULL),
(179, 83, 15, NULL, NULL),
(180, 84, 9, NULL, NULL),
(181, 85, 6, NULL, NULL),
(182, 85, 12, NULL, NULL),
(183, 85, 16, NULL, NULL),
(184, 86, 4, NULL, NULL),
(185, 86, 6, NULL, NULL),
(186, 86, 15, NULL, NULL),
(187, 87, 2, NULL, NULL),
(188, 87, 15, NULL, NULL),
(189, 88, 9, NULL, NULL),
(190, 88, 13, NULL, NULL),
(191, 88, 14, NULL, NULL),
(192, 88, 15, NULL, NULL),
(193, 89, 15, NULL, NULL),
(194, 90, 15, NULL, NULL),
(195, 91, 8, NULL, NULL),
(196, 91, 12, NULL, NULL),
(197, 92, 2, NULL, NULL),
(198, 92, 9, NULL, NULL),
(199, 93, 8, NULL, NULL),
(200, 93, 12, NULL, NULL),
(201, 94, 2, NULL, NULL),
(202, 94, 7, NULL, NULL),
(203, 94, 15, NULL, NULL),
(204, 95, 2, NULL, NULL),
(205, 96, 2, NULL, NULL),
(206, 96, 13, NULL, NULL),
(207, 96, 14, NULL, NULL),
(208, 96, 15, NULL, NULL),
(209, 97, 4, NULL, NULL),
(210, 97, 15, NULL, NULL),
(211, 98, 9, NULL, NULL),
(212, 99, 2, NULL, NULL),
(213, 99, 9, NULL, NULL),
(214, 99, 15, NULL, NULL),
(215, 100, 2, NULL, NULL),
(216, 100, 13, NULL, NULL),
(217, 100, 14, NULL, NULL),
(218, 100, 15, NULL, NULL),
(219, 101, 15, NULL, NULL),
(220, 102, 2, NULL, NULL),
(221, 102, 13, NULL, NULL),
(222, 102, 14, NULL, NULL),
(223, 102, 15, NULL, NULL),
(224, 103, 4, NULL, NULL),
(225, 103, 15, NULL, NULL),
(226, 104, 2, NULL, NULL),
(227, 104, 7, NULL, NULL),
(228, 104, 15, NULL, NULL),
(229, 105, 12, NULL, NULL),
(230, 105, 15, NULL, NULL),
(231, 106, 2, NULL, NULL),
(232, 107, 2, NULL, NULL),
(233, 108, 15, NULL, NULL),
(234, 109, 9, NULL, NULL),
(235, 109, 10, NULL, NULL),
(236, 110, 2, NULL, NULL),
(237, 111, 15, NULL, NULL),
(238, 112, 2, NULL, NULL),
(239, 112, 15, NULL, NULL),
(240, 113, 2, NULL, NULL),
(241, 113, 9, NULL, NULL),
(242, 114, 15, NULL, NULL),
(243, 115, 8, NULL, NULL),
(244, 115, 12, NULL, NULL),
(245, 116, 4, NULL, NULL),
(246, 116, 15, NULL, NULL),
(247, 117, 2, NULL, NULL),
(248, 118, 2, NULL, NULL),
(249, 118, 4, NULL, NULL),
(250, 118, 15, NULL, NULL),
(251, 119, 4, NULL, NULL),
(252, 119, 6, NULL, NULL),
(253, 119, 9, NULL, NULL),
(254, 119, 15, NULL, NULL),
(255, 120, 6, NULL, NULL),
(256, 120, 15, NULL, NULL),
(257, 121, 7, NULL, NULL),
(258, 121, 11, NULL, NULL),
(259, 122, 9, NULL, NULL),
(260, 122, 15, NULL, NULL),
(261, 123, 4, NULL, NULL),
(262, 123, 15, NULL, NULL),
(263, 124, 4, NULL, NULL),
(264, 124, 15, NULL, NULL),
(265, 125, 2, NULL, NULL),
(266, 126, 15, NULL, NULL),
(267, 127, 2, NULL, NULL),
(268, 127, 15, NULL, NULL),
(269, 128, 9, NULL, NULL),
(270, 128, 15, NULL, NULL),
(271, 129, 4, NULL, NULL),
(272, 129, 9, NULL, NULL),
(273, 129, 15, NULL, NULL),
(274, 130, 2, NULL, NULL),
(275, 130, 15, NULL, NULL),
(276, 131, 7, NULL, NULL),
(277, 131, 10, NULL, NULL),
(278, 132, 9, NULL, NULL),
(279, 132, 15, NULL, NULL),
(280, 133, 2, NULL, NULL),
(281, 133, 4, NULL, NULL),
(282, 133, 15, NULL, NULL),
(283, 134, 15, NULL, NULL),
(284, 135, 2, NULL, NULL),
(285, 135, 9, NULL, NULL),
(286, 136, 9, NULL, NULL),
(287, 136, 15, NULL, NULL),
(288, 137, 4, NULL, NULL),
(289, 137, 15, NULL, NULL),
(290, 138, 2, NULL, NULL),
(291, 139, 2, NULL, NULL),
(292, 139, 15, NULL, NULL),
(293, 140, 2, NULL, NULL),
(294, 141, 6, NULL, NULL),
(295, 141, 15, NULL, NULL),
(296, 142, 1, NULL, NULL),
(297, 142, 4, NULL, NULL),
(298, 142, 5, NULL, NULL),
(299, 142, 11, NULL, NULL),
(300, 143, 9, NULL, NULL),
(301, 143, 15, NULL, NULL),
(302, 144, 15, NULL, NULL),
(303, 145, 6, NULL, NULL),
(304, 145, 15, NULL, NULL),
(305, 146, 2, NULL, NULL),
(306, 147, 2, NULL, NULL),
(307, 147, 9, NULL, NULL),
(308, 148, 9, NULL, NULL),
(309, 148, 12, NULL, NULL),
(310, 148, 15, NULL, NULL),
(311, 149, 9, NULL, NULL),
(312, 150, 2, NULL, NULL),
(313, 151, 2, NULL, NULL),
(314, 151, 9, NULL, NULL),
(315, 151, 15, NULL, NULL),
(316, 152, 1, NULL, NULL),
(317, 152, 5, NULL, NULL),
(318, 153, 4, NULL, NULL),
(319, 153, 15, NULL, NULL),
(320, 154, 9, NULL, NULL),
(321, 154, 15, NULL, NULL),
(322, 155, 7, NULL, NULL),
(323, 155, 10, NULL, NULL),
(324, 156, 2, NULL, NULL),
(325, 156, 4, NULL, NULL),
(326, 156, 15, NULL, NULL),
(327, 157, 2, NULL, NULL),
(328, 158, 2, NULL, NULL),
(329, 159, 2, NULL, NULL),
(330, 159, 15, NULL, NULL),
(331, 160, 15, NULL, NULL),
(332, 161, 7, NULL, NULL),
(333, 161, 10, NULL, NULL),
(334, 162, 9, NULL, NULL),
(335, 162, 15, NULL, NULL),
(336, 163, 8, NULL, NULL),
(337, 163, 10, NULL, NULL),
(338, 163, 12, NULL, NULL),
(339, 163, 15, NULL, NULL),
(340, 164, 2, NULL, NULL),
(341, 164, 15, NULL, NULL),
(342, 165, 9, NULL, NULL),
(343, 165, 15, NULL, NULL),
(344, 166, 15, NULL, NULL),
(345, 167, 2, NULL, NULL),
(346, 167, 13, NULL, NULL),
(347, 167, 14, NULL, NULL),
(348, 167, 15, NULL, NULL),
(349, 168, 9, NULL, NULL),
(350, 169, 9, NULL, NULL),
(351, 169, 15, NULL, NULL),
(352, 170, 2, NULL, NULL),
(353, 171, 6, NULL, NULL),
(354, 171, 15, NULL, NULL),
(355, 172, 9, NULL, NULL),
(356, 173, 2, NULL, NULL),
(357, 173, 15, NULL, NULL),
(358, 174, 6, NULL, NULL),
(359, 174, 15, NULL, NULL),
(360, 175, 15, NULL, NULL),
(361, 176, 2, NULL, NULL),
(362, 176, 15, NULL, NULL),
(363, 177, 17, NULL, NULL),
(364, 178, 15, NULL, NULL),
(365, 179, 15, NULL, NULL),
(366, 180, 4, NULL, NULL),
(367, 180, 15, NULL, NULL),
(368, 181, 4, NULL, NULL),
(369, 181, 15, NULL, NULL),
(370, 182, 12, NULL, NULL),
(371, 183, 2, NULL, NULL),
(372, 183, 7, NULL, NULL),
(373, 183, 15, NULL, NULL),
(374, 184, 4, NULL, NULL),
(375, 184, 9, NULL, NULL),
(376, 184, 10, NULL, NULL),
(377, 184, 12, NULL, NULL),
(378, 184, 15, NULL, NULL),
(379, 185, 6, NULL, NULL),
(380, 185, 9, NULL, NULL),
(381, 185, 15, NULL, NULL),
(382, 186, 2, NULL, NULL),
(383, 187, 9, NULL, NULL),
(384, 187, 15, NULL, NULL),
(385, 188, 2, NULL, NULL),
(386, 189, 9, NULL, NULL),
(387, 189, 15, NULL, NULL),
(388, 190, 15, NULL, NULL),
(389, 191, 7, NULL, NULL),
(390, 191, 11, NULL, NULL),
(391, 192, 2, NULL, NULL),
(392, 193, 2, NULL, NULL),
(393, 193, 15, NULL, NULL),
(394, 194, 15, NULL, NULL),
(395, 195, 1, NULL, NULL),
(396, 195, 4, NULL, NULL),
(397, 195, 5, NULL, NULL),
(398, 196, 2, NULL, NULL),
(399, 196, 13, NULL, NULL),
(400, 196, 14, NULL, NULL),
(401, 197, 2, NULL, NULL),
(402, 197, 15, NULL, NULL),
(403, 198, 4, NULL, NULL),
(404, 198, 6, NULL, NULL),
(405, 198, 12, NULL, NULL),
(406, 198, 15, NULL, NULL),
(407, 199, 9, NULL, NULL),
(408, 199, 15, NULL, NULL),
(409, 200, 2, NULL, NULL),
(410, 201, 2, NULL, NULL),
(411, 201, 10, NULL, NULL),
(412, 201, 12, NULL, NULL),
(413, 201, 15, NULL, NULL),
(414, 202, 2, NULL, NULL),
(415, 203, 2, NULL, NULL),
(416, 203, 15, NULL, NULL),
(417, 204, 4, NULL, NULL),
(418, 205, 9, NULL, NULL),
(419, 206, 4, NULL, NULL),
(420, 206, 15, NULL, NULL),
(421, 207, 2, NULL, NULL),
(422, 207, 15, NULL, NULL),
(423, 208, 17, NULL, NULL),
(424, 209, 15, NULL, NULL),
(425, 210, 2, NULL, NULL),
(426, 210, 15, NULL, NULL),
(427, 211, 2, NULL, NULL),
(428, 212, 2, NULL, NULL),
(429, 213, 10, NULL, NULL),
(430, 213, 12, NULL, NULL),
(431, 214, 15, NULL, NULL),
(432, 215, 9, NULL, NULL),
(433, 215, 12, NULL, NULL),
(434, 215, 13, NULL, NULL),
(435, 215, 14, NULL, NULL),
(436, 216, 9, NULL, NULL),
(437, 217, 4, NULL, NULL),
(438, 217, 15, NULL, NULL),
(439, 218, 9, NULL, NULL),
(440, 218, 12, NULL, NULL),
(441, 219, 2, NULL, NULL),
(442, 219, 9, NULL, NULL),
(443, 219, 15, NULL, NULL),
(444, 220, 2, NULL, NULL),
(445, 220, 7, NULL, NULL),
(446, 220, 15, NULL, NULL),
(447, 221, 15, NULL, NULL),
(448, 222, 1, NULL, NULL),
(449, 222, 5, NULL, NULL),
(450, 222, 9, NULL, NULL),
(451, 222, 15, NULL, NULL),
(452, 223, 2, NULL, NULL),
(453, 223, 7, NULL, NULL),
(454, 224, 15, NULL, NULL),
(455, 225, 10, NULL, NULL),
(456, 225, 12, NULL, NULL),
(457, 226, 4, NULL, NULL),
(458, 226, 15, NULL, NULL),
(459, 227, 4, NULL, NULL),
(460, 227, 9, NULL, NULL),
(461, 227, 15, NULL, NULL),
(462, 228, 2, NULL, NULL),
(463, 228, 9, NULL, NULL),
(464, 229, 2, NULL, NULL),
(465, 230, 15, NULL, NULL),
(466, 231, 6, NULL, NULL),
(467, 231, 15, NULL, NULL),
(468, 232, 7, NULL, NULL),
(469, 232, 11, NULL, NULL),
(470, 233, 4, NULL, NULL),
(471, 233, 15, NULL, NULL),
(472, 234, 2, NULL, NULL),
(473, 235, 2, NULL, NULL),
(474, 235, 15, NULL, NULL),
(475, 236, 1, NULL, NULL),
(476, 236, 4, NULL, NULL),
(477, 236, 5, NULL, NULL),
(478, 236, 11, NULL, NULL),
(479, 237, 2, NULL, NULL),
(480, 237, 4, NULL, NULL),
(481, 237, 15, NULL, NULL),
(482, 238, 2, NULL, NULL),
(483, 238, 9, NULL, NULL),
(484, 238, 15, NULL, NULL),
(485, 239, 2, NULL, NULL),
(486, 239, 13, NULL, NULL),
(487, 239, 14, NULL, NULL),
(488, 239, 15, NULL, NULL),
(489, 240, 6, NULL, NULL),
(490, 240, 9, NULL, NULL),
(491, 240, 10, NULL, NULL),
(492, 240, 15, NULL, NULL),
(493, 241, 1, NULL, NULL),
(494, 241, 5, NULL, NULL),
(495, 242, 2, NULL, NULL),
(496, 243, 2, NULL, NULL),
(497, 243, 9, NULL, NULL),
(498, 243, 15, NULL, NULL),
(499, 244, 2, NULL, NULL),
(500, 244, 15, NULL, NULL),
(501, 245, 15, NULL, NULL),
(502, 246, 2, NULL, NULL),
(503, 247, 9, NULL, NULL),
(504, 247, 12, NULL, NULL),
(505, 248, 2, NULL, NULL),
(506, 249, 15, NULL, NULL),
(507, 250, 2, NULL, NULL),
(508, 251, 15, NULL, NULL),
(509, 252, 2, NULL, NULL),
(510, 252, 6, NULL, NULL),
(511, 252, 13, NULL, NULL),
(512, 252, 14, NULL, NULL),
(513, 253, 9, NULL, NULL),
(514, 253, 15, NULL, NULL),
(515, 254, 7, NULL, NULL),
(516, 255, 7, NULL, NULL),
(517, 256, 2, NULL, NULL),
(518, 257, 6, NULL, NULL),
(519, 257, 15, NULL, NULL),
(520, 258, 2, NULL, NULL),
(521, 258, 12, NULL, NULL),
(522, 258, 15, NULL, NULL),
(523, 259, 9, NULL, NULL),
(524, 259, 15, NULL, NULL),
(525, 260, 2, NULL, NULL),
(526, 261, 1, NULL, NULL),
(527, 261, 4, NULL, NULL),
(528, 261, 5, NULL, NULL),
(529, 261, 15, NULL, NULL),
(530, 262, 10, NULL, NULL),
(531, 262, 12, NULL, NULL),
(532, 263, 9, NULL, NULL),
(533, 264, 4, NULL, NULL),
(534, 264, 15, NULL, NULL),
(535, 265, 2, NULL, NULL),
(536, 265, 9, NULL, NULL),
(537, 265, 13, NULL, NULL),
(538, 265, 14, NULL, NULL),
(539, 265, 15, NULL, NULL),
(540, 266, 10, NULL, NULL),
(541, 266, 12, NULL, NULL),
(542, 267, 9, NULL, NULL),
(543, 267, 12, NULL, NULL),
(544, 268, 2, NULL, NULL),
(545, 268, 7, NULL, NULL),
(546, 268, 15, NULL, NULL),
(547, 269, 2, NULL, NULL),
(548, 269, 15, NULL, NULL),
(549, 270, 2, NULL, NULL),
(550, 271, 9, NULL, NULL),
(551, 271, 15, NULL, NULL),
(552, 272, 4, NULL, NULL),
(553, 272, 15, NULL, NULL),
(554, 273, 2, NULL, NULL),
(555, 273, 15, NULL, NULL),
(556, 274, 7, NULL, NULL),
(557, 274, 10, NULL, NULL),
(558, 275, 9, NULL, NULL),
(559, 275, 15, NULL, NULL),
(560, 276, 9, NULL, NULL),
(561, 276, 15, NULL, NULL),
(562, 277, 2, NULL, NULL),
(563, 277, 15, NULL, NULL),
(564, 278, 6, NULL, NULL),
(565, 278, 8, NULL, NULL),
(566, 278, 12, NULL, NULL),
(567, 278, 13, NULL, NULL),
(568, 278, 14, NULL, NULL),
(569, 279, 9, NULL, NULL),
(570, 279, 12, NULL, NULL),
(571, 279, 15, NULL, NULL),
(572, 280, 15, NULL, NULL),
(573, 281, 4, NULL, NULL),
(574, 281, 15, NULL, NULL),
(575, 282, 2, NULL, NULL),
(576, 283, 8, NULL, NULL),
(577, 283, 12, NULL, NULL),
(578, 284, 1, NULL, NULL),
(579, 284, 5, NULL, NULL),
(580, 284, 10, NULL, NULL),
(581, 284, 12, NULL, NULL),
(582, 284, 15, NULL, NULL),
(583, 285, 6, NULL, NULL),
(584, 285, 15, NULL, NULL),
(585, 286, 2, NULL, NULL),
(586, 286, 9, NULL, NULL),
(587, 286, 10, NULL, NULL),
(588, 286, 15, NULL, NULL),
(589, 287, 4, NULL, NULL),
(590, 287, 6, NULL, NULL),
(591, 287, 15, NULL, NULL),
(592, 288, 9, NULL, NULL),
(593, 288, 15, NULL, NULL),
(594, 289, 2, NULL, NULL),
(595, 289, 7, NULL, NULL),
(596, 289, 15, NULL, NULL),
(597, 290, 1, NULL, NULL),
(598, 290, 5, NULL, NULL),
(599, 291, 2, NULL, NULL),
(600, 292, 2, NULL, NULL),
(601, 293, 10, NULL, NULL),
(602, 294, 2, NULL, NULL),
(603, 294, 15, NULL, NULL),
(604, 295, 9, NULL, NULL),
(605, 295, 15, NULL, NULL),
(606, 296, 15, NULL, NULL),
(607, 297, 2, NULL, NULL),
(608, 297, 7, NULL, NULL),
(609, 297, 15, NULL, NULL),
(610, 298, 9, NULL, NULL),
(611, 298, 15, NULL, NULL),
(612, 299, 15, NULL, NULL),
(613, 300, 2, NULL, NULL),
(614, 300, 15, NULL, NULL),
(615, 301, 2, NULL, NULL),
(616, 301, 9, NULL, NULL),
(617, 301, 12, NULL, NULL),
(618, 301, 13, NULL, NULL),
(619, 301, 14, NULL, NULL),
(620, 301, 15, NULL, NULL),
(621, 302, 6, NULL, NULL),
(622, 302, 15, NULL, NULL),
(623, 303, 4, NULL, NULL),
(624, 303, 15, NULL, NULL),
(625, 304, 2, NULL, NULL),
(626, 304, 7, NULL, NULL),
(627, 304, 15, NULL, NULL),
(628, 305, 2, NULL, NULL),
(629, 306, 2, NULL, NULL),
(630, 306, 15, NULL, NULL),
(631, 307, 9, NULL, NULL),
(632, 307, 15, NULL, NULL),
(633, 308, 10, NULL, NULL),
(634, 308, 12, NULL, NULL),
(635, 309, 15, NULL, NULL),
(636, 310, 6, NULL, NULL),
(637, 310, 15, NULL, NULL),
(638, 311, 2, NULL, NULL),
(639, 312, 10, NULL, NULL),
(640, 312, 15, NULL, NULL),
(641, 313, 1, NULL, NULL),
(642, 313, 5, NULL, NULL),
(643, 314, 2, NULL, NULL),
(644, 314, 15, NULL, NULL),
(645, 315, 2, NULL, NULL),
(646, 315, 9, NULL, NULL),
(647, 316, 2, NULL, NULL),
(648, 316, 13, NULL, NULL),
(649, 316, 14, NULL, NULL),
(650, 317, 4, NULL, NULL),
(651, 317, 15, NULL, NULL),
(652, 318, 9, NULL, NULL),
(653, 318, 15, NULL, NULL),
(654, 319, 9, NULL, NULL),
(655, 319, 15, NULL, NULL),
(656, 320, 2, NULL, NULL),
(657, 320, 9, NULL, NULL),
(658, 320, 13, NULL, NULL),
(659, 320, 14, NULL, NULL),
(660, 321, 2, NULL, NULL),
(661, 322, 10, NULL, NULL),
(662, 322, 12, NULL, NULL),
(663, 323, 6, NULL, NULL),
(664, 323, 15, NULL, NULL),
(665, 324, 15, NULL, NULL),
(666, 325, 4, NULL, NULL),
(667, 325, 15, NULL, NULL),
(668, 326, 2, NULL, NULL),
(669, 326, 15, NULL, NULL),
(670, 327, 2, NULL, NULL),
(671, 327, 15, NULL, NULL),
(672, 328, 9, NULL, NULL),
(673, 328, 15, NULL, NULL),
(674, 329, 7, NULL, NULL),
(675, 330, 9, NULL, NULL),
(676, 330, 15, NULL, NULL),
(677, 331, 2, NULL, NULL),
(678, 331, 13, NULL, NULL),
(679, 331, 14, NULL, NULL),
(680, 332, 9, NULL, NULL),
(681, 332, 15, NULL, NULL),
(682, 333, 8, NULL, NULL),
(683, 333, 10, NULL, NULL),
(684, 333, 12, NULL, NULL),
(685, 334, 2, NULL, NULL),
(686, 335, 2, NULL, NULL),
(687, 336, 4, NULL, NULL),
(688, 336, 15, NULL, NULL),
(689, 337, 7, NULL, NULL),
(690, 337, 16, NULL, NULL),
(691, 338, 6, NULL, NULL),
(692, 338, 15, NULL, NULL),
(693, 339, 4, NULL, NULL),
(694, 339, 15, NULL, NULL),
(695, 340, 15, NULL, NULL),
(696, 341, 2, NULL, NULL),
(697, 342, 4, NULL, NULL),
(698, 343, 6, NULL, NULL),
(699, 343, 15, NULL, NULL),
(700, 344, 9, NULL, NULL),
(701, 344, 15, NULL, NULL),
(702, 345, 2, NULL, NULL),
(703, 346, 2, NULL, NULL),
(704, 346, 15, NULL, NULL),
(705, 347, 4, NULL, NULL),
(706, 347, 6, NULL, NULL),
(707, 347, 9, NULL, NULL),
(708, 347, 15, NULL, NULL),
(709, 348, 2, NULL, NULL),
(710, 348, 15, NULL, NULL),
(711, 349, 2, NULL, NULL),
(712, 349, 15, NULL, NULL),
(713, 350, 9, NULL, NULL),
(714, 350, 15, NULL, NULL),
(715, 351, 13, NULL, NULL),
(716, 351, 14, NULL, NULL),
(717, 352, 15, NULL, NULL),
(718, 353, 1, NULL, NULL),
(719, 353, 4, NULL, NULL),
(720, 353, 5, NULL, NULL),
(721, 353, 11, NULL, NULL),
(722, 354, 2, NULL, NULL),
(723, 354, 15, NULL, NULL),
(724, 355, 2, NULL, NULL),
(725, 355, 15, NULL, NULL),
(726, 356, 9, NULL, NULL),
(727, 356, 12, NULL, NULL),
(728, 356, 13, NULL, NULL),
(729, 356, 14, NULL, NULL),
(730, 358, 7, NULL, NULL),
(731, 359, 2, NULL, NULL),
(732, 359, 15, NULL, NULL),
(733, 360, 6, NULL, NULL),
(734, 360, 15, NULL, NULL),
(735, 361, 2, NULL, NULL),
(736, 361, 15, NULL, NULL),
(737, 362, 2, NULL, NULL),
(738, 362, 15, NULL, NULL),
(739, 363, 4, NULL, NULL),
(740, 363, 6, NULL, NULL),
(741, 363, 15, NULL, NULL),
(742, 364, 6, NULL, NULL),
(743, 364, 15, NULL, NULL),
(744, 365, 15, NULL, NULL),
(745, 366, 1, NULL, NULL),
(746, 366, 5, NULL, NULL),
(747, 367, 2, NULL, NULL),
(748, 368, 4, NULL, NULL),
(749, 369, 8, NULL, NULL),
(750, 369, 12, NULL, NULL),
(751, 369, 15, NULL, NULL),
(752, 370, 2, NULL, NULL),
(753, 371, 2, NULL, NULL),
(754, 371, 4, NULL, NULL),
(755, 371, 6, NULL, NULL),
(756, 371, 15, NULL, NULL),
(757, 372, 8, NULL, NULL),
(758, 372, 12, NULL, NULL),
(759, 373, 7, NULL, NULL),
(760, 374, 2, NULL, NULL),
(761, 374, 15, NULL, NULL),
(762, 375, 9, NULL, NULL),
(763, 375, 15, NULL, NULL),
(764, 376, 9, NULL, NULL),
(765, 376, 15, NULL, NULL),
(766, 377, 15, NULL, NULL),
(767, 378, 2, NULL, NULL),
(768, 378, 9, NULL, NULL),
(769, 379, 8, NULL, NULL),
(770, 379, 12, NULL, NULL),
(771, 380, 15, NULL, NULL),
(772, 381, 2, NULL, NULL),
(773, 381, 15, NULL, NULL),
(774, 382, 1, NULL, NULL),
(775, 382, 4, NULL, NULL),
(776, 382, 5, NULL, NULL),
(777, 382, 11, NULL, NULL),
(778, 383, 15, NULL, NULL),
(779, 384, 4, NULL, NULL),
(780, 384, 6, NULL, NULL),
(781, 384, 15, NULL, NULL),
(782, 385, 4, NULL, NULL),
(783, 385, 6, NULL, NULL),
(784, 385, 15, NULL, NULL),
(785, 386, 9, NULL, NULL),
(786, 386, 10, NULL, NULL),
(787, 386, 12, NULL, NULL),
(788, 387, 7, NULL, NULL),
(789, 388, 8, NULL, NULL),
(790, 388, 12, NULL, NULL),
(791, 389, 9, NULL, NULL),
(792, 389, 15, NULL, NULL),
(793, 390, 15, NULL, NULL),
(794, 391, 10, NULL, NULL),
(795, 391, 12, NULL, NULL),
(796, 391, 15, NULL, NULL),
(797, 392, 2, NULL, NULL),
(798, 393, 4, NULL, NULL),
(799, 393, 15, NULL, NULL),
(800, 394, 2, NULL, NULL),
(801, 394, 4, NULL, NULL),
(802, 394, 6, NULL, NULL),
(803, 394, 9, NULL, NULL),
(804, 395, 10, NULL, NULL),
(805, 395, 15, NULL, NULL),
(806, 396, 4, NULL, NULL),
(807, 396, 15, NULL, NULL),
(808, 397, 9, NULL, NULL),
(809, 397, 15, NULL, NULL),
(810, 398, 1, NULL, NULL),
(811, 398, 2, NULL, NULL),
(812, 398, 5, NULL, NULL),
(813, 399, 2, NULL, NULL),
(814, 399, 9, NULL, NULL),
(815, 399, 15, NULL, NULL),
(816, 400, 2, NULL, NULL),
(817, 401, 3, NULL, NULL),
(818, 401, 10, NULL, NULL),
(819, 402, 11, NULL, NULL),
(820, 403, 6, NULL, NULL),
(821, 403, 15, NULL, NULL),
(822, 404, 9, NULL, NULL),
(823, 404, 15, NULL, NULL),
(824, 405, 2, NULL, NULL),
(825, 406, 2, NULL, NULL),
(826, 406, 15, NULL, NULL),
(827, 407, 4, NULL, NULL),
(828, 408, 9, NULL, NULL),
(829, 408, 12, NULL, NULL),
(830, 409, 9, NULL, NULL),
(831, 409, 15, NULL, NULL),
(832, 410, 8, NULL, NULL),
(833, 410, 12, NULL, NULL),
(834, 411, 9, NULL, NULL),
(835, 411, 10, NULL, NULL),
(836, 411, 15, NULL, NULL),
(837, 412, 2, NULL, NULL),
(838, 412, 15, NULL, NULL),
(839, 413, 15, NULL, NULL),
(840, 415, 2, NULL, NULL),
(841, 416, 9, NULL, NULL),
(842, 417, 2, NULL, NULL),
(843, 417, 15, NULL, NULL),
(844, 418, 9, NULL, NULL),
(845, 418, 15, NULL, NULL),
(846, 419, 2, NULL, NULL),
(847, 419, 15, NULL, NULL),
(848, 420, 15, NULL, NULL),
(849, 421, 7, NULL, NULL),
(850, 421, 11, NULL, NULL),
(851, 422, 9, NULL, NULL),
(852, 422, 15, NULL, NULL),
(853, 423, 9, NULL, NULL),
(854, 423, 15, NULL, NULL),
(855, 424, 2, NULL, NULL),
(856, 424, 4, NULL, NULL),
(857, 424, 15, NULL, NULL),
(858, 424, 16, NULL, NULL),
(859, 425, 4, NULL, NULL),
(860, 425, 6, NULL, NULL),
(861, 425, 15, NULL, NULL),
(862, 426, 9, NULL, NULL),
(863, 426, 15, NULL, NULL),
(864, 427, 4, NULL, NULL),
(865, 427, 15, NULL, NULL),
(866, 428, 2, NULL, NULL),
(867, 428, 9, NULL, NULL),
(868, 430, 1, NULL, NULL),
(869, 430, 5, NULL, NULL),
(870, 431, 2, NULL, NULL),
(871, 432, 4, NULL, NULL),
(872, 432, 9, NULL, NULL),
(873, 432, 15, NULL, NULL),
(874, 432, 16, NULL, NULL),
(875, 433, 10, NULL, NULL),
(876, 433, 11, NULL, NULL),
(877, 434, 8, NULL, NULL),
(878, 434, 9, NULL, NULL),
(879, 434, 10, NULL, NULL),
(880, 434, 12, NULL, NULL),
(881, 434, 15, NULL, NULL),
(882, 435, 4, NULL, NULL),
(883, 435, 15, NULL, NULL),
(884, 436, 2, NULL, NULL),
(885, 436, 15, NULL, NULL),
(886, 437, 2, NULL, NULL),
(887, 437, 9, NULL, NULL),
(888, 437, 10, NULL, NULL),
(889, 437, 12, NULL, NULL),
(890, 438, 6, NULL, NULL),
(891, 438, 15, NULL, NULL),
(892, 439, 10, NULL, NULL),
(893, 440, 2, NULL, NULL),
(894, 441, 8, NULL, NULL),
(895, 441, 10, NULL, NULL),
(896, 441, 12, NULL, NULL),
(897, 441, 13, NULL, NULL),
(898, 441, 14, NULL, NULL),
(899, 442, 2, NULL, NULL),
(900, 443, 2, NULL, NULL),
(901, 443, 9, NULL, NULL),
(902, 444, 2, NULL, NULL),
(903, 444, 9, NULL, NULL),
(904, 444, 15, NULL, NULL),
(905, 445, 8, NULL, NULL),
(906, 445, 9, NULL, NULL),
(907, 445, 12, NULL, NULL),
(908, 446, 2, NULL, NULL),
(909, 446, 7, NULL, NULL),
(910, 447, 11, NULL, NULL),
(911, 448, 4, NULL, NULL),
(912, 448, 6, NULL, NULL),
(913, 448, 15, NULL, NULL),
(914, 449, 6, NULL, NULL),
(915, 450, 4, NULL, NULL),
(916, 450, 15, NULL, NULL),
(917, 451, 9, NULL, NULL),
(918, 451, 15, NULL, NULL),
(919, 452, 2, NULL, NULL),
(920, 453, 15, NULL, NULL),
(921, 454, 2, NULL, NULL),
(922, 454, 4, NULL, NULL),
(923, 454, 16, NULL, NULL),
(924, 455, 9, NULL, NULL),
(925, 455, 15, NULL, NULL),
(926, 456, 13, NULL, NULL),
(927, 456, 14, NULL, NULL),
(928, 457, 6, NULL, NULL),
(929, 457, 15, NULL, NULL),
(930, 458, 4, NULL, NULL),
(931, 458, 6, NULL, NULL),
(932, 458, 15, NULL, NULL),
(933, 459, 9, NULL, NULL),
(934, 460, 9, NULL, NULL),
(935, 460, 10, NULL, NULL),
(936, 461, 17, NULL, NULL),
(937, 462, 2, NULL, NULL),
(938, 462, 4, NULL, NULL),
(939, 462, 12, NULL, NULL),
(940, 463, 15, NULL, NULL),
(941, 464, 2, NULL, NULL),
(942, 465, 4, NULL, NULL),
(943, 465, 15, NULL, NULL),
(944, 466, 9, NULL, NULL),
(945, 466, 15, NULL, NULL),
(946, 467, 9, NULL, NULL),
(947, 467, 12, NULL, NULL),
(948, 467, 15, NULL, NULL),
(949, 468, 9, NULL, NULL),
(950, 468, 15, NULL, NULL),
(951, 469, 2, NULL, NULL),
(952, 470, 4, NULL, NULL),
(953, 470, 15, NULL, NULL),
(954, 471, 9, NULL, NULL),
(955, 471, 12, NULL, NULL),
(956, 471, 15, NULL, NULL),
(957, 472, 4, NULL, NULL),
(958, 472, 15, NULL, NULL),
(959, 473, 2, NULL, NULL),
(960, 473, 15, NULL, NULL),
(961, 473, 16, NULL, NULL),
(962, 474, 1, NULL, NULL),
(963, 474, 5, NULL, NULL),
(964, 475, 9, NULL, NULL),
(965, 475, 15, NULL, NULL),
(966, 476, 10, NULL, NULL),
(967, 477, 10, NULL, NULL),
(968, 477, 12, NULL, NULL),
(969, 478, 2, NULL, NULL),
(970, 479, 4, NULL, NULL),
(971, 480, 2, NULL, NULL),
(972, 481, 2, NULL, NULL),
(973, 481, 15, NULL, NULL),
(974, 482, 9, NULL, NULL),
(975, 482, 12, NULL, NULL),
(976, 482, 13, NULL, NULL),
(977, 482, 14, NULL, NULL),
(978, 483, 9, NULL, NULL),
(979, 483, 11, NULL, NULL),
(980, 483, 15, NULL, NULL),
(981, 484, 9, NULL, NULL),
(982, 484, 15, NULL, NULL),
(983, 485, 15, NULL, NULL),
(984, 486, 4, NULL, NULL),
(985, 486, 15, NULL, NULL),
(986, 487, 4, NULL, NULL),
(987, 487, 15, NULL, NULL),
(988, 488, 2, NULL, NULL),
(989, 488, 7, NULL, NULL),
(990, 488, 15, NULL, NULL),
(991, 489, 2, NULL, NULL),
(992, 490, 6, NULL, NULL),
(993, 490, 15, NULL, NULL),
(994, 491, 9, NULL, NULL),
(995, 491, 15, NULL, NULL),
(996, 492, 4, NULL, NULL),
(997, 492, 6, NULL, NULL),
(998, 492, 15, NULL, NULL),
(999, 493, 2, NULL, NULL),
(1000, 493, 15, NULL, NULL),
(1001, 494, 11, NULL, NULL),
(1002, 495, 2, NULL, NULL),
(1003, 496, 9, NULL, NULL),
(1004, 497, 4, NULL, NULL),
(1005, 497, 15, NULL, NULL),
(1006, 498, 2, NULL, NULL),
(1007, 498, 7, NULL, NULL),
(1008, 498, 13, NULL, NULL),
(1009, 498, 14, NULL, NULL),
(1010, 498, 15, NULL, NULL),
(1011, 499, 2, NULL, NULL),
(1012, 500, 10, NULL, NULL),
(1013, 500, 12, NULL, NULL);

-- --------------------------------------------------------

--
-- Estrutura da tabela `genero_user`
--

CREATE TABLE `genero_user` (
  `id` bigint(20) UNSIGNED NOT NULL,
  `genero_id` bigint(20) UNSIGNED NOT NULL,
  `user_id` bigint(20) UNSIGNED NOT NULL,
  `relevancia` int(11) NOT NULL DEFAULT 0,
  `created_at` timestamp NULL DEFAULT NULL,
  `updated_at` timestamp NULL DEFAULT NULL
) ENGINE=InnoDB DEFAULT CHARSET=utf8mb4 COLLATE=utf8mb4_unicode_ci;

--
-- Extraindo dados da tabela `genero_user`
--

INSERT INTO `genero_user` (`id`, `genero_id`, `user_id`, `relevancia`, `created_at`, `updated_at`) VALUES
(1, 2, 1, -5, NULL, NULL),
(2, 7, 1, -6, NULL, NULL),
(3, 15, 1, -5, NULL, NULL),
(4, 6, 1, 1, NULL, NULL),
(5, 9, 2, 2, NULL, NULL),
(6, 15, 2, 1, NULL, NULL),
(7, 2, 2, 1, NULL, NULL);

-- --------------------------------------------------------

--
-- Estrutura da tabela `jogos`
--

CREATE TABLE `jogos` (
  `id` bigint(20) UNSIGNED NOT NULL,
  `igdb` varchar(255) COLLATE utf8mb4_unicode_ci NOT NULL,
  `nome` varchar(255) COLLATE utf8mb4_unicode_ci NOT NULL,
  `likes` int(11) NOT NULL DEFAULT 0,
  `dislikes` int(11) NOT NULL DEFAULT 0,
  `created_at` timestamp NULL DEFAULT NULL,
  `updated_at` timestamp NULL DEFAULT NULL
) ENGINE=InnoDB DEFAULT CHARSET=utf8mb4 COLLATE=utf8mb4_unicode_ci;

--
-- Extraindo dados da tabela `jogos`
--

INSERT INTO `jogos` (`id`, `igdb`, `nome`, `likes`, `dislikes`, `created_at`, `updated_at`) VALUES
(1, '1020', 'Grand Theft Auto V', 1, 7, '2021-04-04 07:24:10', '2021-04-04 07:27:25'),
(2, '1942', 'The Witcher 3: Wild Hunt', 1, 0, '2021-04-04 07:24:10', '2021-04-04 07:28:34'),
(3, '472', 'The Elder Scrolls V: Skyrim', 0, 0, '2021-04-04 07:24:10', '2021-04-04 07:24:10'),
(4, '72', 'Portal 2', 0, 0, '2021-04-04 07:24:10', '2021-04-04 07:24:10'),
(5, '71', 'Portal', 0, 0, '2021-04-04 07:24:10', '2021-04-04 07:24:10'),
(6, '732', 'Grand Theft Auto: San Andreas', 0, 0, '2021-04-04 07:24:10', '2021-04-04 07:24:10'),
(7, '1009', 'The Last of Us', 0, 0, '2021-04-04 07:24:10', '2021-04-04 07:24:10'),
(8, '233', 'Half-Life 2', 0, 0, '2021-04-04 07:24:10', '2021-04-04 07:24:10'),
(9, '20', 'BioShock', 0, 0, '2021-04-04 07:24:10', '2021-04-04 07:24:10'),
(10, '127', 'Assassin\'s Creed II', 0, 0, '2021-04-04 07:24:10', '2021-04-04 07:24:10'),
(11, '538', 'Bioshock Infinite', 0, 0, '2021-04-04 07:24:10', '2021-04-04 07:24:10'),
(12, '74', 'Mass Effect 2', 0, 0, '2021-04-04 07:24:10', '2021-04-04 07:24:10'),
(13, '500', 'Batman: Arkham Asylum', 0, 0, '2021-04-04 07:24:10', '2021-04-04 07:24:10'),
(14, '231', 'Half-Life', 0, 0, '2021-04-04 07:24:10', '2021-04-04 07:24:10'),
(15, '733', 'Grand Theft Auto: Vice City', 0, 0, '2021-04-04 07:24:10', '2021-04-04 07:24:10'),
(16, '73', 'Mass Effect', 0, 0, '2021-04-04 07:24:10', '2021-04-04 07:24:10'),
(17, '1164', 'Tomb Raider', 0, 0, '2021-04-04 07:24:10', '2021-04-04 07:24:10'),
(18, '501', 'Batman: Arkham City', 0, 0, '2021-04-04 07:24:10', '2021-04-04 07:24:10'),
(19, '434', 'Red Dead Redemption', 0, 0, '2021-04-04 07:24:10', '2021-04-04 07:24:10'),
(20, '7331', 'Uncharted 4: A Thief\'s End', 0, 0, '2021-04-04 07:24:10', '2021-04-04 07:24:10'),
(21, '529', 'Far Cry 3', 0, 0, '2021-04-04 07:24:10', '2021-04-04 07:24:10'),
(22, '7346', 'The Legend of Zelda: Breath of the Wild', 0, 0, '2021-04-04 07:24:10', '2021-04-04 07:24:10'),
(23, '565', 'Uncharted 2: Among Thieves', 0, 0, '2021-04-04 07:24:10', '2021-04-04 07:24:10'),
(24, '75', 'Mass Effect 3', 0, 0, '2021-04-04 07:24:10', '2021-04-04 07:24:10'),
(25, '19560', 'God of War', 0, 0, '2021-04-04 07:24:10', '2021-04-04 07:24:10'),
(26, '1029', 'The Legend of Zelda: Ocarina of Time', 0, 0, '2021-04-04 07:24:10', '2021-04-04 07:24:10'),
(27, '16', 'Fallout: New Vegas', 0, 0, '2021-04-04 07:24:10', '2021-04-04 07:24:10'),
(28, '1011', 'Borderlands 2', 0, 0, '2021-04-04 07:24:10', '2021-04-04 07:24:10'),
(29, '1871', 'The Walking Dead: Season One', 0, 0, '2021-04-04 07:24:10', '2021-04-04 07:24:10'),
(30, '7599', 'Life is Strange', 0, 0, '2021-04-04 07:24:10', '2021-04-04 07:24:10'),
(31, '7351', 'DOOM', 0, 0, '2021-04-04 07:24:10', '2021-04-04 07:24:10'),
(32, '15', 'Fallout 3', 0, 0, '2021-04-04 07:24:10', '2021-04-04 07:24:10'),
(33, '623', 'Call of Duty 4: Modern Warfare', 0, 0, '2021-04-04 07:24:10', '2021-04-04 07:24:10'),
(34, '18', 'Max Payne', 0, 0, '2021-04-04 07:24:10', '2021-04-04 07:24:10'),
(35, '113', 'Assassin\'s Creed: Brotherhood', 0, 0, '2021-04-04 07:24:10', '2021-04-04 07:24:10'),
(36, '128', 'Assassin\'s Creed', 0, 0, '2021-04-04 07:24:10', '2021-04-04 07:24:10'),
(37, '121', 'Minecraft', 0, 0, '2021-04-04 07:24:10', '2021-04-04 07:24:10'),
(38, '11156', 'Horizon Zero Dawn', 0, 0, '2021-04-04 07:24:10', '2021-04-04 07:24:10'),
(39, '25076', 'Red Dead Redemption 2', 0, 0, '2021-04-04 07:24:10', '2021-04-04 07:24:10'),
(40, '1074', 'Super Mario 64', 0, 0, '2021-04-04 07:24:10', '2021-04-04 07:24:10'),
(41, '76', 'Dragon Age: Origins', 0, 0, '2021-04-04 07:24:10', '2021-04-04 07:24:10'),
(42, '731', 'Grand Theft Auto IV', 0, 0, '2021-04-04 07:24:10', '2021-04-04 07:24:10'),
(43, '59', 'The Elder Scrolls IV: Oblivion', 0, 0, '2021-04-04 07:24:10', '2021-04-04 07:24:10'),
(44, '1970', 'Assassin\'s Creed IV: Black Flag', 0, 0, '2021-04-04 07:24:10', '2021-04-04 07:24:10'),
(45, '533', 'Dishonored', 0, 0, '2021-04-04 07:24:10', '2021-04-04 07:24:10'),
(46, '1070', 'Super Mario World', 0, 0, '2021-04-04 07:24:10', '2021-04-04 07:24:10'),
(47, '512', 'Uncharted 3: Drake\'s Deception', 0, 0, '2021-04-04 07:24:10', '2021-04-04 07:24:10'),
(48, '9630', 'Fallout 4', 0, 0, '2021-04-04 07:24:10', '2021-04-04 07:24:10'),
(49, '974', 'Resident Evil 4', 0, 0, '2021-04-04 07:24:10', '2021-04-04 07:24:10'),
(50, '1026', 'The Legend of Zelda: A Link to the Past', 0, 0, '2021-04-04 07:24:10', '2021-04-04 07:24:10'),
(51, '375', 'Metal Gear Solid', 0, 0, '2021-04-04 07:24:10', '2021-04-04 07:24:10'),
(52, '730', 'Grand Theft Auto III', 0, 0, '2021-04-04 07:24:10', '2021-04-04 07:24:10'),
(53, '1068', 'Super Mario Bros. 3', 0, 0, '2021-04-04 07:24:10', '2021-04-04 07:24:10'),
(54, '12517', 'Undertale', 0, 0, '2021-04-04 07:24:10', '2021-04-04 07:24:10'),
(55, '1331', 'Limbo', 0, 0, '2021-04-04 07:24:10', '2021-04-04 07:24:10'),
(56, '7342', 'INSIDE', 0, 0, '2021-04-04 07:24:10', '2021-04-04 07:24:10'),
(57, '478', 'The Witcher 2: Assassins of Kings', 0, 0, '2021-04-04 07:24:10', '2021-04-04 07:24:10'),
(58, '427', 'Final Fantasy VII', 0, 0, '2021-04-04 07:24:10', '2021-04-04 07:24:10'),
(59, '1266', 'Assassin\'s Creed III', 0, 0, '2021-04-04 07:24:10', '2021-04-04 07:24:10'),
(60, '559', 'Call of Duty: Modern Warfare 2', 0, 0, '2021-04-04 07:24:11', '2021-04-04 07:24:11'),
(61, '132', 'Warcraft III: Reign of Chaos', 0, 0, '2021-04-04 07:24:11', '2021-04-04 07:24:11'),
(62, '7334', 'Bloodborne', 0, 0, '2021-04-04 07:24:11', '2021-04-04 07:24:11'),
(63, '5503', 'Batman: Arkham Knight', 0, 0, '2021-04-04 07:24:11', '2021-04-04 07:24:11'),
(64, '3025', 'Middle-earth: Shadow of Mordor', 0, 0, '2021-04-04 07:24:11', '2021-04-04 07:24:11'),
(65, '116', 'Star Wars: Knights of the Old Republic', 0, 0, '2021-04-04 07:24:11', '2021-04-04 07:24:11'),
(66, '358', 'Super Mario Bros.', 0, 0, '2021-04-04 07:24:11', '2021-04-04 07:24:11'),
(67, '26758', 'Super Mario Odyssey', 0, 0, '2021-04-04 07:24:11', '2021-04-04 07:24:11'),
(68, '1262', 'South Park: The Stick of Truth', 0, 0, '2021-04-04 07:24:11', '2021-04-04 07:24:11'),
(69, '126', 'Diablo II', 0, 0, '2021-04-04 07:24:11', '2021-04-04 07:24:11'),
(70, '11133', 'Dark Souls III', 0, 0, '2021-04-04 07:24:11', '2021-04-04 07:24:11'),
(71, '1384', 'Hotline Miami', 0, 0, '2021-04-04 07:24:11', '2021-04-04 07:24:11'),
(72, '37', 'Dead Space', 0, 0, '2021-04-04 07:24:11', '2021-04-04 07:24:11'),
(73, '39', 'Mafia', 0, 0, '2021-04-04 07:24:11', '2021-04-04 07:24:11'),
(74, '866', 'Sid Meier\'s Civilization V', 0, 0, '2021-04-04 07:24:11', '2021-04-04 07:24:11'),
(75, '8173', 'Overwatch', 0, 0, '2021-04-04 07:24:11', '2021-04-04 07:24:11'),
(76, '2031', 'Wolfenstein: The New Order', 0, 0, '2021-04-04 07:24:11', '2021-04-04 07:24:11'),
(77, '545', 'Call of Duty: Black Ops', 0, 0, '2021-04-04 07:24:11', '2021-04-04 07:24:11'),
(78, '431', 'Uncharted: Drake\'s Fortune', 0, 0, '2021-04-04 07:24:11', '2021-04-04 07:24:11'),
(79, '379', 'Metal Gear Solid 3: Snake Eater', 0, 0, '2021-04-04 07:24:11', '2021-04-04 07:24:11'),
(80, '7344', 'Ori and the Blind Forest', 0, 0, '2021-04-04 07:24:11', '2021-04-04 07:24:11'),
(81, '1372', 'Counter-Strike: Global Offensive', 0, 0, '2021-04-04 07:24:11', '2021-04-04 07:24:11'),
(82, '19565', 'Marvel\'s Spider-Man', 0, 0, '2021-04-04 07:24:11', '2021-04-04 07:24:11'),
(83, '2155', 'Dark Souls', 0, 0, '2021-04-04 07:24:11', '2021-04-04 07:24:11'),
(84, '1802', 'Chrono Trigger', 0, 0, '2021-04-04 07:24:11', '2021-04-04 07:24:11'),
(85, '8197', 'Tetris', 0, 0, '2021-04-04 07:24:11', '2021-04-04 07:24:11'),
(86, '2207', 'Shadow of the Colossus', 0, 0, '2021-04-04 07:24:11', '2021-04-04 07:24:11'),
(87, '7323', 'Rise of the Tomb Raider', 0, 0, '2021-04-04 07:24:11', '2021-04-04 07:24:11'),
(88, '1887', 'Dragon Age: Inquisition', 0, 0, '2021-04-04 07:24:11', '2021-04-04 07:24:11'),
(89, '537', 'Assassin\'s Creed: Revelations', 0, 0, '2021-04-04 07:24:11', '2021-04-04 07:24:11'),
(90, '2993', 'The Wolf Among Us', 0, 0, '2021-04-04 07:24:11', '2021-04-04 07:24:11'),
(91, '327', 'Age of Empires II: The Age of Kings', 0, 0, '2021-04-04 07:24:11', '2021-04-04 07:24:11'),
(92, '43', 'Deus Ex: Human Revolution', 0, 0, '2021-04-04 07:24:11', '2021-04-04 07:24:11'),
(93, '230', 'StarCraft', 0, 0, '2021-04-04 07:24:11', '2021-04-04 07:24:11'),
(94, '40', 'Mafia II', 0, 0, '2021-04-04 07:24:11', '2021-04-04 07:24:11'),
(95, '673', 'DOOM', 0, 0, '2021-04-04 07:24:11', '2021-04-04 07:24:11'),
(96, '1985', 'Metal Gear Solid V: The Phantom Pain', 0, 0, '2021-04-04 07:24:11', '2021-04-04 07:24:11'),
(97, '1352', 'Journey', 0, 0, '2021-04-04 07:24:11', '2021-04-04 07:24:11'),
(98, '11208', 'NieR: Automata', 0, 0, '2021-04-04 07:24:11', '2021-04-04 07:24:11'),
(99, '21', 'BioShock 2', 0, 0, '2021-04-04 07:24:11', '2021-04-04 07:24:11'),
(100, '979', 'Call of Duty: Modern Warfare 3', 0, 0, '2021-04-04 07:24:11', '2021-04-04 07:24:11'),
(101, '493', 'Heavy Rain', 0, 0, '2021-04-04 07:24:11', '2021-04-04 07:24:11'),
(102, '6801', 'Far Cry 4', 0, 0, '2021-04-04 07:24:11', '2021-04-04 07:24:11'),
(103, '551', 'God of War II', 0, 0, '2021-04-04 07:24:11', '2021-04-04 07:24:11'),
(104, '1121', 'Watch_Dogs', 0, 0, '2021-04-04 07:24:11', '2021-04-04 07:24:11'),
(105, '549', 'God of War', 0, 0, '2021-04-04 07:24:11', '2021-04-04 07:24:11'),
(106, '622', 'Call of Duty 2', 0, 0, '2021-04-04 07:24:11', '2021-04-04 07:24:11'),
(107, '960', 'Max Payne 3', 0, 0, '2021-04-04 07:24:11', '2021-04-04 07:24:11'),
(108, '3035', 'The Stanley Parable', 0, 0, '2021-04-04 07:24:11', '2021-04-04 07:24:11'),
(109, '17000', 'Stardew Valley', 0, 0, '2021-04-04 07:24:11', '2021-04-04 07:24:11'),
(110, '343', 'Battlefield 3', 0, 0, '2021-04-04 07:24:11', '2021-04-04 07:24:11'),
(111, '109', 'L.A. Noire', 0, 0, '2021-04-04 07:24:11', '2021-04-04 07:24:11'),
(112, '38', 'Dead Space 2', 0, 0, '2021-04-04 07:24:11', '2021-04-04 07:24:11'),
(113, '498', 'Borderlands', 0, 0, '2021-04-04 07:24:11', '2021-04-04 07:24:11'),
(114, '9730', 'Firewatch', 0, 0, '2021-04-04 07:24:11', '2021-04-04 07:24:11'),
(115, '239', 'StarCraft II: Wings of Liberty', 0, 0, '2021-04-04 07:24:11', '2021-04-04 07:24:11'),
(116, '14593', 'Hollow Knight', 0, 0, '2021-04-04 07:24:11', '2021-04-04 07:24:11'),
(117, '124', 'Left 4 Dead 2', 0, 0, '2021-04-04 07:24:11', '2021-04-04 07:24:11'),
(118, '1051', 'Mirror\'s Edge', 0, 0, '2021-04-04 07:24:11', '2021-04-04 07:24:11'),
(119, '1033', 'The Legend of Zelda: The Wind Waker', 0, 0, '2021-04-04 07:24:11', '2021-04-04 07:24:11'),
(120, '481', 'Silent Hill 2', 0, 0, '2021-04-04 07:24:11', '2021-04-04 07:24:11'),
(121, '11198', 'Rocket League', 0, 0, '2021-04-04 07:24:11', '2021-04-04 07:24:11'),
(122, '120', 'Diablo III', 0, 0, '2021-04-04 07:24:11', '2021-04-04 07:24:11'),
(123, '1077', 'Super Mario Galaxy', 0, 0, '2021-04-04 07:24:11', '2021-04-04 07:24:11'),
(124, '885', 'Super Meat Boy', 0, 0, '2021-04-04 07:24:11', '2021-04-04 07:24:11'),
(125, '19', 'Max Payne 2: The Fall Of Max Payne', 0, 0, '2021-04-04 07:24:11', '2021-04-04 07:24:11'),
(126, '7603', 'Hellblade: Senua\'s Sacrifice', 0, 0, '2021-04-04 07:24:11', '2021-04-04 07:24:11'),
(127, '1062', 'Alan Wake', 0, 0, '2021-04-04 07:24:11', '2021-04-04 07:24:11'),
(128, '56', 'The Elder Scrolls III: Morrowind', 0, 0, '2021-04-04 07:24:11', '2021-04-04 07:24:11'),
(129, '9927', 'Persona 5', 0, 0, '2021-04-04 07:24:11', '2021-04-04 07:24:11'),
(130, '1377', 'Spec Ops: The Line', 0, 0, '2021-04-04 07:24:11', '2021-04-04 07:24:11'),
(131, '98', 'Need for Speed: Most Wanted', 0, 0, '2021-04-04 07:24:11', '2021-04-04 07:24:11'),
(132, '28540', 'Assassin\'s Creed: Origins', 0, 0, '2021-04-04 07:24:11', '2021-04-04 07:24:11'),
(133, '1103', 'Super Metroid', 0, 0, '2021-04-04 07:24:11', '2021-04-04 07:24:11'),
(134, '376', 'Metal Gear Solid 2: Sons of Liberty', 0, 0, '2021-04-04 07:24:11', '2021-04-04 07:24:11'),
(135, '41', 'Deus Ex', 0, 0, '2021-04-04 07:24:11', '2021-04-04 07:24:11'),
(136, '418', 'Final Fantasy X', 0, 0, '2021-04-04 07:24:11', '2021-04-04 07:24:11'),
(137, '26226', 'Celeste', 0, 0, '2021-04-04 07:24:11', '2021-04-04 07:24:11'),
(138, '1979', 'Battlefield 4', 0, 0, '2021-04-04 07:24:11', '2021-04-04 07:24:11'),
(139, '625', 'Call of Duty: World at War', 0, 0, '2021-04-04 07:24:11', '2021-04-04 07:24:11'),
(140, '740', 'Halo: Combat Evolved', 0, 0, '2021-04-04 07:24:11', '2021-04-04 07:24:11'),
(141, '3097', 'The Walking Dead: Season Two', 0, 0, '2021-04-04 07:24:11', '2021-04-04 07:24:11'),
(142, '1627', 'Super Smash Bros. Melee', 0, 0, '2021-04-04 07:24:11', '2021-04-04 07:24:11'),
(143, '421', 'Final Fantasy IX', 0, 0, '2021-04-04 07:24:11', '2021-04-04 07:24:11'),
(144, '5606', 'Assassin\'s Creed: Unity', 0, 0, '2021-04-04 07:24:11', '2021-04-04 07:24:11'),
(145, '1334', 'Brothers: A Tale of Two Sons', 0, 0, '2021-04-04 07:24:11', '2021-04-04 07:24:11'),
(146, '1122', 'Call of Duty: Black Ops II', 0, 0, '2021-04-04 07:24:11', '2021-04-04 07:24:11'),
(147, '495', 'Metro 2033', 0, 0, '2021-04-04 07:24:11', '2021-04-04 07:24:11'),
(148, '118', 'Star Wars: Knights of the Old Republic II - The Sith Lords', 0, 0, '2021-04-04 07:24:11', '2021-04-04 07:24:11'),
(149, '1983', 'Bastion', 0, 0, '2021-04-04 07:24:11', '2021-04-04 07:24:11'),
(150, '18320', 'Battlefield 1', 0, 0, '2021-04-04 07:24:11', '2021-04-04 07:24:11'),
(151, '3042', 'Dying Light', 0, 0, '2021-04-04 07:24:11', '2021-04-04 07:24:11'),
(152, '90101', 'Super Smash Bros. Ultimate', 0, 0, '2021-04-04 07:24:11', '2021-04-04 07:24:11'),
(153, '1078', 'Super Mario Galaxy 2', 0, 0, '2021-04-04 07:24:11', '2021-04-04 07:24:11'),
(154, '1036', 'The Legend of Zelda: Twilight Princess', 0, 0, '2021-04-04 07:24:11', '2021-04-04 07:24:11'),
(155, '96', 'Need for Speed: Underground', 0, 0, '2021-04-04 07:24:11', '2021-04-04 07:24:11'),
(156, '1105', 'Metroid Prime', 0, 0, '2021-04-04 07:24:11', '2021-04-04 07:24:11'),
(157, '621', 'Call of Duty', 0, 0, '2021-04-04 07:24:11', '2021-04-04 07:24:11'),
(158, '891', 'Team Fortress 2', 0, 0, '2021-04-04 07:24:11', '2021-04-04 07:24:11'),
(159, '19562', 'Resident Evil 7 biohazard', 0, 0, '2021-04-04 07:24:11', '2021-04-04 07:24:11'),
(160, '2003', 'Batman: Arkham Origins', 0, 0, '2021-04-04 07:24:11', '2021-04-04 07:24:11'),
(161, '97', 'Need for Speed: Underground 2', 0, 0, '2021-04-04 07:24:11', '2021-04-04 07:24:11'),
(162, '2368', 'Dark Souls II', 0, 0, '2021-04-04 07:24:11', '2021-04-04 07:24:11'),
(163, '289', 'Age of Empires', 0, 0, '2021-04-04 07:24:11', '2021-04-04 07:24:11'),
(164, '847', 'Resident Evil 5', 0, 0, '2021-04-04 07:24:11', '2021-04-04 07:24:11'),
(165, '123', 'World of Warcraft', 0, 0, '2021-04-04 07:24:11', '2021-04-04 07:24:11'),
(166, '1030', 'The Legend of Zelda: Majora\'s Mask', 0, 0, '2021-04-04 07:24:11', '2021-04-04 07:24:11'),
(167, '380', 'Metal Gear Solid 4: Guns of the Patriots', 0, 0, '2021-04-04 07:24:11', '2021-04-04 07:24:11'),
(168, '14', 'Fallout 2', 0, 0, '2021-04-04 07:24:11', '2021-04-04 07:24:11'),
(169, '426', 'Final Fantasy VI', 0, 0, '2021-04-04 07:24:11', '2021-04-04 07:24:11'),
(170, '987', 'Halo 3', 0, 0, '2021-04-04 07:24:11', '2021-04-04 07:24:11'),
(171, '11233', 'What Remains of Edith Finch', 0, 0, '2021-04-04 07:24:11', '2021-04-04 07:24:11'),
(172, '80', 'The Witcher', 0, 0, '2021-04-04 07:24:11', '2021-04-04 07:24:11'),
(173, '296', 'Crysis', 0, 0, '2021-04-04 07:24:11', '2021-04-04 07:24:11'),
(174, '14362', 'Detroit: Become Human', 0, 0, '2021-04-04 07:24:11', '2021-04-04 07:24:11'),
(175, '499', 'God of War III', 0, 0, '2021-04-04 07:24:11', '2021-04-04 07:24:11'),
(176, '142', 'Star Wars: Battlefront II', 0, 0, '2021-04-04 07:24:11', '2021-04-04 07:24:11'),
(177, '115', 'League of Legends', 0, 0, '2021-04-04 07:24:11', '2021-04-04 07:24:11'),
(178, '8263', 'Assassin\'s Creed: Syndicate', 0, 0, '2021-04-04 07:24:11', '2021-04-04 07:24:11'),
(179, '1022', 'The Legend of Zelda', 0, 0, '2021-04-04 07:24:11', '2021-04-04 07:24:11'),
(180, '836', 'Prince of Persia: The Sands of Time', 0, 0, '2021-04-04 07:24:11', '2021-04-04 07:24:11'),
(181, '1968', 'Rayman Legends', 0, 0, '2021-04-04 07:24:11', '2021-04-04 07:24:11'),
(182, '1279', 'Hearthstone', 0, 0, '2021-04-04 07:24:11', '2021-04-04 07:24:11'),
(183, '873', 'Saints Row: The Third', 0, 0, '2021-04-04 07:24:11', '2021-04-04 07:24:11'),
(184, '1879', 'Terraria', 0, 0, '2021-04-04 07:24:11', '2021-04-04 07:24:11'),
(185, '2909', 'The Legend of Zelda: A Link Between Worlds', 0, 0, '2021-04-04 07:24:11', '2021-04-04 07:24:11'),
(186, '539', 'Metro: Last Light', 0, 0, '2021-04-04 07:24:11', '2021-04-04 07:24:11'),
(187, '1221', 'Kingdom Hearts II', 0, 0, '2021-04-04 07:24:11', '2021-04-04 07:24:11'),
(188, '122', 'Left 4 Dead', 0, 0, '2021-04-04 07:24:11', '2021-04-04 07:24:11'),
(189, '78', 'Dragon Age II', 0, 0, '2021-04-04 07:24:11', '2021-04-04 07:24:11'),
(190, '7609', 'Until Dawn', 0, 0, '2021-04-04 07:24:11', '2021-04-04 07:24:11'),
(191, '2350', 'Mario Kart 8', 0, 0, '2021-04-04 07:24:11', '2021-04-04 07:24:11'),
(192, '2033', 'Call of Duty: Ghosts', 0, 0, '2021-04-04 07:24:11', '2021-04-04 07:24:11'),
(193, '26192', 'The Last of Us Part II', 0, 0, '2021-04-04 07:24:11', '2021-04-04 07:24:11'),
(194, '1342', 'Beyond: Two Souls', 0, 0, '2021-04-04 07:24:11', '2021-04-04 07:24:11'),
(195, '9061', 'Cuphead', 0, 0, '2021-04-04 07:24:11', '2021-04-04 07:24:11'),
(196, '530', 'Hitman: Absolution', 0, 0, '2021-04-04 07:24:11', '2021-04-04 07:24:11'),
(197, '1267', 'Sleeping Dogs', 0, 0, '2021-04-04 07:24:11', '2021-04-04 07:24:11'),
(198, '2853', 'Braid', 0, 0, '2021-04-04 07:24:11', '2021-04-04 07:24:11'),
(199, '103054', 'Assassin\'s Creed: Odyssey', 0, 0, '2021-04-04 07:24:11', '2021-04-04 07:24:11'),
(200, '1905', 'Fortnite', 0, 0, '2021-04-04 07:24:11', '2021-04-04 07:24:11'),
(201, '352', 'Battlefield: Bad Company 2', 0, 0, '2021-04-04 07:24:11', '2021-04-04 07:24:11'),
(202, '986', 'Halo 2', 0, 0, '2021-04-04 07:24:11', '2021-04-04 07:24:11'),
(203, '17447', 'Titanfall 2', 0, 0, '2021-04-04 07:24:11', '2021-04-04 07:24:11'),
(204, '1073', 'Super Mario World 2: Yoshi\'s Island', 0, 0, '2021-04-04 07:24:11', '2021-04-04 07:24:11'),
(205, '11', 'Vampire: The Masquerade - Bloodlines', 0, 0, '2021-04-04 07:24:11', '2021-04-04 07:24:11'),
(206, '1185', 'Crash Bandicoot', 0, 0, '2021-04-04 07:24:11', '2021-04-04 07:24:11'),
(207, '471', 'Crysis 2', 0, 0, '2021-04-04 07:24:11', '2021-04-04 07:24:11'),
(208, '2963', 'Dota 2', 0, 0, '2021-04-04 07:24:11', '2021-04-04 07:24:11'),
(209, '4754', 'Alien: Isolation', 0, 0, '2021-04-04 07:24:11', '2021-04-04 07:24:11'),
(210, '28552', 'Far Cry 5', 0, 0, '2021-04-04 07:24:11', '2021-04-04 07:24:11'),
(211, '6632', 'Call of Duty: Advanced Warfare', 0, 0, '2021-04-04 07:24:11', '2021-04-04 07:24:11'),
(212, '990', 'Halo: Reach', 0, 0, '2021-04-04 07:24:11', '2021-04-04 07:24:11'),
(213, '260', 'The Sims 3', 0, 0, '2021-04-04 07:24:11', '2021-04-04 07:24:11'),
(214, '76882', 'Sekiro: Shadows Die Twice', 0, 0, '2021-04-04 07:24:11', '2021-04-04 07:24:11'),
(215, '1318', 'XCOM: Enemy Unknown', 0, 0, '2021-04-04 07:24:11', '2021-04-04 07:24:11'),
(216, '13', 'Fallout', 0, 0, '2021-04-04 07:24:11', '2021-04-04 07:24:11'),
(217, '7444', 'Shovel Knight', 0, 0, '2021-04-04 07:24:11', '2021-04-04 07:24:11'),
(218, '364', 'Heroes of Might and Magic III: The Restoration of Erathia', 0, 0, '2021-04-04 07:24:11', '2021-04-04 07:24:11'),
(219, '11118', 'Dishonored 2', 0, 0, '2021-04-04 07:24:11', '2021-04-04 07:24:11'),
(220, '19441', 'Watch Dogs 2', 0, 0, '2021-04-04 07:24:11', '2021-04-04 07:24:11'),
(221, '1906', 'Gone Home', 0, 0, '2021-04-04 07:24:11', '2021-04-04 07:24:11'),
(222, '359', 'Final Fantasy XV', 0, 0, '2021-04-04 07:24:11', '2021-04-04 07:24:11'),
(223, '819', 'Grand Theft Auto 2', 0, 0, '2021-04-04 07:24:11', '2021-04-04 07:24:11'),
(224, '2136', 'Bayonetta', 0, 0, '2021-04-04 07:24:11', '2021-04-04 07:24:11'),
(225, '9066', 'Cities: Skylines', 0, 0, '2021-04-04 07:24:11', '2021-04-04 07:24:11'),
(226, '4438', 'Sonic the Hedgehog 2', 0, 0, '2021-04-04 07:24:11', '2021-04-04 07:24:11'),
(227, '1128', 'Castlevania: Symphony of the Night', 0, 0, '2021-04-04 07:24:11', '2021-04-04 07:24:11'),
(228, '1939', 'Destiny', 0, 0, '2021-04-04 07:24:11', '2021-04-04 07:24:11'),
(229, '36952', 'Wolfenstein II: The New Colossus', 0, 0, '2021-04-04 07:24:11', '2021-04-04 07:24:11'),
(230, '6707', 'Tales from the Borderlands', 0, 0, '2021-04-04 07:24:11', '2021-04-04 07:24:11'),
(231, '61', 'Monkey Island 2: LeChuck\'s Revenge', 0, 0, '2021-04-04 07:24:11', '2021-04-04 07:24:11'),
(232, '2342', 'Mario Kart 64', 0, 0, '2021-04-04 07:24:11', '2021-04-04 07:24:11'),
(233, '3192', 'Sonic the Hedgehog', 0, 0, '2021-04-04 07:24:11', '2021-04-04 07:24:11'),
(234, '991', 'Halo 4', 0, 0, '2021-04-04 07:24:11', '2021-04-04 07:24:11'),
(235, '9509', 'Call of Duty: Black Ops III', 0, 0, '2021-04-04 07:24:11', '2021-04-04 07:24:11'),
(236, '1628', 'Super Smash Bros. Brawl', 0, 0, '2021-04-04 07:24:11', '2021-04-04 07:24:11'),
(237, '1941', 'Infamous: Second Son', 0, 0, '2021-04-04 07:24:11', '2021-04-04 07:24:11'),
(238, '7349', 'Mass Effect: Andromeda', 0, 0, '2021-04-04 07:24:11', '2021-04-04 07:24:11'),
(239, '11157', 'HITMAN', 0, 0, '2021-04-04 07:24:11', '2021-04-04 07:24:11'),
(240, '2935', 'Papers, Please', 0, 0, '2021-04-04 07:24:11', '2021-04-04 07:24:11'),
(241, '1244', 'Tekken 3', 0, 0, '2021-04-04 07:24:11', '2021-04-04 07:24:11'),
(242, '536', 'Dead Island', 0, 0, '2021-04-04 07:24:12', '2021-04-04 07:24:12'),
(243, '9498', 'Deus Ex: Mankind Divided', 0, 0, '2021-04-04 07:24:12', '2021-04-04 07:24:12'),
(244, '1981', 'Saints Row IV', 0, 0, '2021-04-04 07:24:12', '2021-04-04 07:24:12'),
(245, '1910', 'Outlast', 0, 0, '2021-04-04 07:24:12', '2021-04-04 07:24:12'),
(246, '547', 'Gears of War', 0, 0, '2021-04-04 07:24:12', '2021-04-04 07:24:12'),
(247, '125', 'Diablo', 0, 0, '2021-04-04 07:24:12', '2021-04-04 07:24:12'),
(248, '28204', 'Call of Duty: WWII', 0, 0, '2021-04-04 07:24:12', '2021-04-04 07:24:12'),
(249, '9727', 'SOMA', 0, 0, '2021-04-04 07:24:12', '2021-04-04 07:24:12'),
(250, '1048', 'Hitman: Blood Money', 0, 0, '2021-04-04 07:24:12', '2021-04-04 07:24:12'),
(251, '74701', 'Star Wars Jedi: Fallen Order', 0, 0, '2021-04-04 07:24:12', '2021-04-04 07:24:12'),
(252, '7205', 'SUPERHOT', 0, 0, '2021-04-04 07:24:12', '2021-04-04 07:24:12'),
(253, '1561', 'Pokémon Red', 0, 0, '2021-04-04 07:24:12', '2021-04-04 07:24:12'),
(254, '2183', 'Mario Kart Wii', 0, 0, '2021-04-04 07:24:12', '2021-04-04 07:24:12'),
(255, '620', 'Burnout Paradise', 0, 0, '2021-04-04 07:24:12', '2021-04-04 07:24:12'),
(256, '241', 'Counter-Strike', 1, 0, '2021-04-04 07:24:12', '2021-04-04 07:25:54'),
(257, '60', 'The Secret of Monkey Island', 2, 1, '2021-04-04 07:24:12', '2021-04-04 07:27:18'),
(258, '378', 'Metal Gear Rising: Revengeance', 0, 0, '2021-04-04 07:24:12', '2021-04-04 07:24:12'),
(259, '1219', 'Kingdom Hearts', 0, 0, '2021-04-04 07:24:12', '2021-04-04 07:24:12'),
(260, '517', 'F.E.A.R.', 0, 0, '2021-04-04 07:24:12', '2021-04-04 07:24:12'),
(261, '837', 'Prince of Persia: Warrior Within', 0, 0, '2021-04-04 07:24:12', '2021-04-04 07:24:12'),
(262, '223', 'The Sims', 0, 0, '2021-04-04 07:24:12', '2021-04-04 07:24:12'),
(263, '6', 'Baldur\'s Gate II: Shadows of Amn', 0, 0, '2021-04-04 07:24:12', '2021-04-04 07:24:12'),
(264, '1090', 'Donkey Kong Country', 0, 0, '2021-04-04 07:24:12', '2021-04-04 07:24:12'),
(265, '25657', 'Destiny 2', 0, 0, '2021-04-04 07:24:12', '2021-04-04 07:24:12'),
(266, '224', 'The Sims 2', 0, 0, '2021-04-04 07:24:12', '2021-04-04 07:24:12'),
(267, '3022', 'Transistor', 0, 0, '2021-04-04 07:24:12', '2021-04-04 07:24:12'),
(268, '2552', 'Mad Max', 0, 0, '2021-04-04 07:24:12', '2021-04-04 07:24:12'),
(269, '361', 'Far Cry 2', 0, 0, '2021-04-04 07:24:12', '2021-04-04 07:24:12'),
(270, '312', 'DOOM II: Hell on Earth', 0, 0, '2021-04-04 07:24:12', '2021-04-04 07:24:12'),
(271, '1517', 'Pokémon Emerald', 0, 0, '2021-04-04 07:24:12', '2021-04-04 07:24:12'),
(272, '1075', 'Super Mario Sunshine', 0, 0, '2021-04-04 07:24:12', '2021-04-04 07:24:12'),
(273, '880', 'Resident Evil 2', 0, 0, '2021-04-04 07:24:12', '2021-04-04 07:24:12'),
(274, '99', 'Need for Speed: Carbon', 0, 0, '2021-04-04 07:24:12', '2021-04-04 07:24:12'),
(275, '425', 'Final Fantasy VIII', 0, 0, '2021-04-04 07:24:12', '2021-04-04 07:24:12'),
(276, '1270', 'Darksiders', 0, 0, '2021-04-04 07:24:12', '2021-04-04 07:24:12'),
(277, '19531', 'Prey', 0, 0, '2021-04-04 07:24:12', '2021-04-04 07:24:12'),
(278, '1277', 'Plants vs. Zombies', 0, 0, '2021-04-04 07:24:12', '2021-04-04 07:24:12'),
(279, '2262', 'Gothic II', 0, 0, '2021-04-04 07:24:12', '2021-04-04 07:24:12'),
(280, '1254', 'DmC: Devil May Cry', 0, 0, '2021-04-04 07:24:12', '2021-04-04 07:24:12'),
(281, '1187', 'Crash Bandicoot: Warped', 0, 0, '2021-04-04 07:24:12', '2021-04-04 07:24:12'),
(282, '307', 'Counter-Strike: Source', 0, 0, '2021-04-04 07:24:12', '2021-04-04 07:24:12'),
(283, '324', 'Age of Mythology', 0, 0, '2021-04-04 07:24:12', '2021-04-04 07:24:12'),
(284, '12515', 'Pokémon GO', 0, 0, '2021-04-04 07:24:12', '2021-04-04 07:24:12'),
(285, '5601', 'The Witness', 0, 0, '2021-04-04 07:24:12', '2021-04-04 07:24:12'),
(286, '3225', 'No Man\'s Sky', 0, 0, '2021-04-04 07:24:12', '2021-04-04 07:24:12'),
(287, '1991', 'Fez', 0, 0, '2021-04-04 07:24:12', '2021-04-04 07:24:12'),
(288, '1512', 'Pokémon Yellow', 0, 0, '2021-04-04 07:24:12', '2021-04-04 07:24:12'),
(289, '980', 'Grand Theft Auto', 0, 0, '2021-04-04 07:24:12', '2021-04-04 07:24:12'),
(290, '7292', 'Mortal Kombat X', 0, 0, '2021-04-04 07:24:12', '2021-04-04 07:24:12'),
(291, '306', 'Far Cry', 0, 0, '2021-04-04 07:24:12', '2021-04-04 07:24:12'),
(292, '2113', 'Star Wars Battlefront', 0, 0, '2021-04-04 07:24:12', '2021-04-04 07:24:12'),
(293, '3212', 'The Sims 4', 0, 0, '2021-04-04 07:24:12', '2021-04-04 07:24:12'),
(294, '1082', 'Resident Evil 6', 0, 0, '2021-04-04 07:24:12', '2021-04-04 07:24:12'),
(295, '475', 'Star Wars: The Force Unleashed', 0, 0, '2021-04-04 07:24:12', '2021-04-04 07:24:12'),
(296, '7610', 'Game of Thrones: A Telltale Games Series', 0, 0, '2021-04-04 07:24:12', '2021-04-04 07:24:12'),
(297, '558', 'Just Cause 2', 0, 0, '2021-04-04 07:24:12', '2021-04-04 07:24:12'),
(298, '36926', 'Monster Hunter: World', 0, 0, '2021-04-04 07:24:12', '2021-04-04 07:24:12'),
(299, '7570', 'Assassin\'s Creed: Rogue', 0, 0, '2021-04-04 07:24:12', '2021-04-04 07:24:12'),
(300, '37777', 'Shadow of the Tomb Raider', 0, 0, '2021-04-04 07:24:12', '2021-04-04 07:24:12'),
(301, '2114', 'Tom Clancy\'s The Division', 0, 0, '2021-04-04 07:24:12', '2021-04-04 07:24:12'),
(302, '480', 'Silent Hill', 0, 0, '2021-04-04 07:24:12', '2021-04-04 07:24:12'),
(303, '1186', 'Crash Bandicoot 2: Cortex Strikes Back', 0, 0, '2021-04-04 07:24:12', '2021-04-04 07:24:12'),
(304, '11492', 'Mafia III', 0, 0, '2021-04-04 07:24:12', '2021-04-04 07:24:12'),
(305, '342', 'Duke Nukem 3D', 0, 0, '2021-04-04 07:24:12', '2021-04-04 07:24:12'),
(306, '26401', 'Star Wars Battlefront II', 0, 0, '2021-04-04 07:24:12', '2021-04-04 07:24:12'),
(307, '2899', 'EarthBound', 0, 0, '2021-04-04 07:24:12', '2021-04-04 07:24:12'),
(308, '19130', 'Sid Meier\'s Civilization VI', 0, 0, '2021-04-04 07:24:12', '2021-04-04 07:24:12'),
(309, '112', 'Devil May Cry 4', 0, 0, '2021-04-04 07:24:12', '2021-04-04 07:24:12'),
(310, '111', 'Amnesia: The Dark Descent', 0, 0, '2021-04-04 07:24:12', '2021-04-04 07:24:12'),
(311, '281', 'Return to Castle Wolfenstein', 0, 0, '2021-04-04 07:24:12', '2021-04-04 07:24:12'),
(312, '7352', 'ABZÛ', 0, 0, '2021-04-04 07:24:12', '2021-04-04 07:24:12'),
(313, '119', 'Mortal Kombat', 0, 0, '2021-04-04 07:24:12', '2021-04-04 07:24:12'),
(314, '153', 'Star Wars: Jedi Knight - Jedi Academy', 0, 0, '2021-04-04 07:24:12', '2021-04-04 07:24:12'),
(315, '113114', 'The Outer Worlds', 1, 0, '2021-04-04 07:24:12', '2021-04-04 07:29:45'),
(316, '7360', 'Tom Clancy\'s Rainbow Six Siege', 0, 0, '2021-04-04 07:24:12', '2021-04-04 07:24:12'),
(317, '2180', 'Super Mario 3D World', 0, 0, '2021-04-04 07:24:12', '2021-04-04 07:24:12'),
(318, '389', 'Final Fantasy XIII', 0, 0, '2021-04-04 07:24:12', '2021-04-04 07:24:12'),
(319, '2261', 'Gothic', 0, 0, '2021-04-04 07:24:12', '2021-04-04 07:24:12'),
(320, '2058', 'PAYDAY 2', 0, 0, '2021-04-04 07:24:12', '2021-04-04 07:24:12'),
(321, '548', 'Gears of War 2', 0, 0, '2021-04-04 07:24:12', '2021-04-04 07:24:12'),
(322, '3075', 'FTL: Faster Than Light', 0, 0, '2021-04-04 07:24:12', '2021-04-04 07:24:12'),
(323, '7327', 'Valiant Hearts: The Great War', 0, 0, '2021-04-04 07:24:12', '2021-04-04 07:24:12'),
(324, '5025', 'To the Moon', 0, 0, '2021-04-04 07:24:12', '2021-04-04 07:24:12'),
(325, '2437', 'Prince of Persia: The Two Thrones', 0, 0, '2021-04-04 07:24:12', '2021-04-04 07:24:12'),
(326, '103329', 'Control', 0, 0, '2021-04-04 07:24:12', '2021-04-04 07:24:12'),
(327, '27789', 'PLAYERUNKNOWN\'S BATTLEGROUNDS', 0, 0, '2021-04-04 07:24:12', '2021-04-04 07:24:12'),
(328, '1511', 'Pokémon Blue', 0, 0, '2021-04-04 07:24:12', '2021-04-04 07:24:12'),
(329, '1192', 'Crash Team Racing', 0, 0, '2021-04-04 07:24:12', '2021-04-04 07:24:12'),
(330, '14587', 'Oxenfree', 0, 0, '2021-04-04 07:24:12', '2021-04-04 07:24:12'),
(331, '748', 'Hitman 2: Silent Assassin', 0, 0, '2021-04-04 07:24:12', '2021-04-04 07:24:12'),
(332, '4756', 'Child of Light', 0, 0, '2021-04-04 07:24:12', '2021-04-04 07:24:12'),
(333, '299', 'Age of Empires III', 0, 0, '2021-04-04 07:24:12', '2021-04-04 07:24:12'),
(334, '280', 'DOOM 3', 0, 0, '2021-04-04 07:24:12', '2021-04-04 07:24:12'),
(335, '2997', 'Counter-Strike 1.6', 0, 0, '2021-04-04 07:24:12', '2021-04-04 07:24:12'),
(336, '26855', 'Dead Cells', 0, 0, '2021-04-04 07:24:12', '2021-04-04 07:24:12'),
(337, '2332', 'Super Mario Kart', 0, 0, '2021-04-04 07:24:12', '2021-04-04 07:24:12'),
(338, '184', 'Indiana Jones and the Fate of Atlantis', 0, 0, '2021-04-04 07:24:12', '2021-04-04 07:24:12'),
(339, '981', 'Rayman Origins', 0, 0, '2021-04-04 07:24:12', '2021-04-04 07:24:12'),
(340, '424', 'Resident Evil', 0, 0, '2021-04-04 07:24:12', '2021-04-04 07:24:12'),
(341, '355', 'Quake III Arena', 0, 0, '2021-04-04 07:24:12', '2021-04-04 07:24:12'),
(342, '1715', 'Mega Man 2', 0, 0, '2021-04-04 07:24:12', '2021-04-04 07:24:12'),
(343, '181', 'Grim Fandango', 0, 0, '2021-04-04 07:24:12', '2021-04-04 07:24:12'),
(344, '5619', 'Demon\'s Souls', 0, 0, '2021-04-04 07:24:12', '2021-04-04 07:24:12'),
(345, '2126', 'Hotline Miami 2: Wrong Number', 0, 0, '2021-04-04 07:24:12', '2021-04-04 07:24:12'),
(346, '966', 'Resident Evil 3: Nemesis', 0, 0, '2021-04-04 07:24:12', '2021-04-04 07:24:12'),
(347, '534', 'The Legend of Zelda: Skyward Sword', 0, 0, '2021-04-04 07:24:12', '2021-04-04 07:24:12'),
(348, '13182', 'Far Cry: Primal', 0, 0, '2021-04-04 07:24:12', '2021-04-04 07:24:12'),
(349, '18968', 'Call of Duty: Infinite Warfare', 0, 0, '2021-04-04 07:24:12', '2021-04-04 07:24:12'),
(350, '1928', 'Indigo Prophecy', 0, 0, '2021-04-04 07:24:12', '2021-04-04 07:24:12'),
(351, '910', 'Tom Clancy\'s Splinter Cell', 0, 0, '2021-04-04 07:24:12', '2021-04-04 07:24:12'),
(352, '29004', 'Life is Strange: Before the Storm', 0, 0, '2021-04-04 07:24:12', '2021-04-04 07:24:12'),
(353, '1626', 'Super Smash Bros.', 0, 0, '2021-04-04 07:24:12', '2021-04-04 07:24:12'),
(354, '19564', 'Death Stranding', 0, 0, '2021-04-04 07:24:12', '2021-04-04 07:24:12'),
(355, '1216', 'Dead Space 3', 0, 0, '2021-04-04 07:24:12', '2021-04-04 07:24:12'),
(356, '10919', 'XCOM 2', 0, 0, '2021-04-04 07:24:12', '2021-04-04 07:24:12'),
(357, '76253', 'Devil May Cry 5', 0, 0, '2021-04-04 07:24:12', '2021-04-04 07:24:12'),
(358, '3193', 'Need for Speed: Most Wanted', 0, 0, '2021-04-04 07:24:12', '2021-04-04 07:24:12'),
(359, '1268', 'Crysis 3', 0, 0, '2021-04-04 07:24:12', '2021-04-04 07:24:12'),
(360, '7386', 'The Talos Principle', 0, 0, '2021-04-04 07:24:12', '2021-04-04 07:24:12'),
(361, '1341', 'Beyond Good & Evil', 0, 0, '2021-04-04 07:24:12', '2021-04-04 07:24:12'),
(362, '37016', 'Metro Exodus', 0, 0, '2021-04-04 07:24:12', '2021-04-04 07:24:12'),
(363, '9174', 'Little Nightmares', 0, 0, '2021-04-04 07:24:12', '2021-04-04 07:24:12'),
(364, '2990', 'Machinarium', 0, 0, '2021-04-04 07:24:12', '2021-04-04 07:24:12'),
(365, '55935', 'Doki Doki Literature Club!', 0, 0, '2021-04-04 07:24:12', '2021-04-04 07:24:12'),
(366, '3186', 'Street Fighter II', 0, 0, '2021-04-04 07:24:12', '2021-04-04 07:24:12'),
(367, '494', 'Bulletstorm', 0, 0, '2021-04-04 07:24:12', '2021-04-04 07:24:12'),
(368, '1079', 'Super Mario 3D Land', 0, 0, '2021-04-04 07:24:12', '2021-04-04 07:24:12'),
(369, '2939', 'The Vanishing of Ethan Carter', 0, 0, '2021-04-04 07:24:12', '2021-04-04 07:24:12'),
(370, '114795', 'Apex Legends', 0, 0, '2021-04-04 07:24:12', '2021-04-04 07:24:12'),
(371, '912', 'Tomb Raider', 0, 0, '2021-04-04 07:24:12', '2021-04-04 07:24:12'),
(372, '245', 'Command & Conquer: Red Alert 2', 0, 0, '2021-04-04 07:24:12', '2021-04-04 07:24:12'),
(373, '105', 'Need for Speed: Hot Pursuit', 0, 0, '2021-04-04 07:24:12', '2021-04-04 07:24:12'),
(374, '4786', 'The Evil Within', 0, 0, '2021-04-04 07:24:12', '2021-04-04 07:24:12'),
(375, '1035', 'The Legend of Zelda: The Minish Cap', 0, 0, '2021-04-04 07:24:12', '2021-04-04 07:24:12'),
(376, '3349', 'Paper Mario: The Thousand-Year Door', 0, 0, '2021-04-04 07:24:12', '2021-04-04 07:24:12'),
(377, '8187', 'Just Cause 3', 0, 0, '2021-04-04 07:24:12', '2021-04-04 07:24:12'),
(378, '6032', 'Borderlands: The Pre-Sequel', 0, 0, '2021-04-04 07:24:12', '2021-04-04 07:24:12'),
(379, '130', 'Warcraft II: Tides of Darkness', 0, 0, '2021-04-04 07:24:12', '2021-04-04 07:24:12'),
(380, '14746', 'Batman: The Telltale Series', 0, 0, '2021-04-04 07:24:12', '2021-04-04 07:24:12'),
(381, '1638', 'GoldenEye 007', 0, 0, '2021-04-04 07:24:12', '2021-04-04 07:24:12'),
(382, '9602', 'Super Smash Bros. for Wii U', 0, 0, '2021-04-04 07:24:12', '2021-04-04 07:24:12'),
(383, '36897', 'A Way Out', 0, 0, '2021-04-04 07:24:12', '2021-04-04 07:24:12'),
(384, '117', 'The Last Guardian', 0, 0, '2021-04-04 07:24:12', '2021-04-04 07:24:12'),
(385, '22917', 'GRIS', 0, 0, '2021-04-04 07:24:12', '2021-04-04 07:24:12'),
(386, '11119', 'Fallout Shelter', 0, 0, '2021-04-04 07:24:12', '2021-04-04 07:24:12'),
(387, '2345', 'Mario Kart DS', 0, 0, '2021-04-04 07:24:12', '2021-04-04 07:24:12'),
(388, '647', 'Command & Conquer', 0, 0, '2021-04-04 07:24:12', '2021-04-04 07:24:12'),
(389, '27421', 'Middle-earth: Shadow of War', 0, 0, '2021-04-04 07:24:12', '2021-04-04 07:24:12'),
(390, '27316', 'A Plague Tale: Innocence', 0, 0, '2021-04-04 07:24:12', '2021-04-04 07:24:12'),
(391, '7706', 'This War of Mine', 0, 0, '2021-04-04 07:24:12', '2021-04-04 07:24:12'),
(392, '989', 'Halo 3: ODST', 0, 0, '2021-04-04 07:24:12', '2021-04-04 07:24:12'),
(393, '570', 'Prototype', 0, 0, '2021-04-04 07:24:12', '2021-04-04 07:24:12'),
(394, '523', 'inFAMOUS', 0, 0, '2021-04-04 07:24:12', '2021-04-04 07:24:12'),
(395, '3152', 'Don\'t Starve', 0, 0, '2021-04-04 07:24:12', '2021-04-04 07:24:12'),
(396, '2129', 'Mark of the Ninja', 0, 0, '2021-04-04 07:24:12', '2021-04-04 07:24:12'),
(397, '1911', 'Path of Exile', 0, 0, '2021-04-04 07:24:12', '2021-04-04 07:24:12'),
(398, '136', 'Devil May Cry 3: Dante\'s Awakening', 0, 0, '2021-04-04 07:24:12', '2021-04-04 07:24:12'),
(399, '2132', 'The Binding of Isaac', 0, 0, '2021-04-04 07:24:12', '2021-04-04 07:24:12'),
(400, '333', 'Quake', 0, 0, '2021-04-04 07:24:12', '2021-04-04 07:24:12'),
(401, '2671', 'Guitar Hero III: Legends of Rock', 0, 0, '2021-04-04 07:24:12', '2021-04-04 07:24:12'),
(402, '913', 'Tony Hawk\'s Pro Skater 2', 0, 0, '2021-04-04 07:24:12', '2021-04-04 07:24:12'),
(403, '482', 'Silent Hill 3', 0, 0, '2021-04-04 07:24:12', '2021-04-04 07:24:12'),
(404, '1519', 'Pokémon Platinum', 0, 0, '2021-04-04 07:24:12', '2021-04-04 07:24:12'),
(405, '277', 'Battlefield 2', 0, 0, '2021-04-04 07:24:12', '2021-04-04 07:24:12'),
(406, '1305', 'Tom Clancy\'s Splinter Cell: Blacklist', 0, 0, '2021-04-04 07:24:12', '2021-04-04 07:24:12'),
(407, '1076', 'New Super Mario Bros.', 0, 0, '2021-04-04 07:24:12', '2021-04-04 07:24:12'),
(408, '8965', 'Darkest Dungeon', 0, 0, '2021-04-04 07:24:12', '2021-04-04 07:24:12'),
(409, '1558', 'Pokémon Gold', 0, 0, '2021-04-04 07:24:12', '2021-04-04 07:24:12'),
(410, '295', 'Command & Conquer: Red Alert', 0, 0, '2021-04-04 07:24:12', '2021-04-04 07:24:12'),
(411, '11397', 'Yakuza 0', 0, 0, '2021-04-04 07:24:12', '2021-04-04 07:24:12'),
(412, '562', 'Tom Clancy\'s Splinter Cell: Conviction', 0, 0, '2021-04-04 07:24:12', '2021-04-04 07:24:12'),
(413, '193', 'Day of the Tentacle', 0, 0, '2021-04-04 07:24:12', '2021-04-04 07:24:12'),
(414, '113112', 'Hades', 0, 0, '2021-04-04 07:24:12', '2021-04-04 07:24:12'),
(415, '326', 'Medal of Honor: Allied Assault', 0, 0, '2021-04-04 07:24:12', '2021-04-04 07:24:12'),
(416, '5', 'Baldur\'s Gate', 0, 0, '2021-04-04 07:24:12', '2021-04-04 07:24:12'),
(417, '4', 'Thief', 0, 0, '2021-04-04 07:24:12', '2021-04-04 07:24:12'),
(418, '19457', 'The Elder Scrolls V: Skyrim Special Edition', 0, 0, '2021-04-04 07:24:12', '2021-04-04 07:24:12'),
(419, '3750', 'Quantum Break', 0, 0, '2021-04-04 07:24:12', '2021-04-04 07:24:12'),
(420, '2682', 'LEGO Star Wars: The Complete Saga', 0, 0, '2021-04-04 07:24:12', '2021-04-04 07:24:12'),
(421, '2344', 'Mario Kart: Double Dash!!', 0, 0, '2021-04-04 07:24:13', '2021-04-04 07:24:13'),
(422, '1513', 'Pokémon Silver', 0, 0, '2021-04-04 07:24:13', '2021-04-04 07:24:13'),
(423, '1514', 'Pokémon Crystal', 0, 0, '2021-04-04 07:24:13', '2021-04-04 07:24:13'),
(424, '5973', 'Broforce', 0, 0, '2021-04-04 07:24:13', '2021-04-04 07:24:13'),
(425, '2438', 'Prince of Persia', 0, 0, '2021-04-04 07:24:13', '2021-04-04 07:24:13'),
(426, '1337', 'Torchlight II', 0, 0, '2021-04-04 07:24:13', '2021-04-04 07:24:13'),
(427, '1092', 'Donkey Kong Country 2: Diddy\'s Kong Quest', 0, 0, '2021-04-04 07:24:13', '2021-04-04 07:24:13'),
(428, '320', 'S.T.A.L.K.E.R.: Shadow of Chernobyl', 0, 0, '2021-04-04 07:24:13', '2021-04-04 07:24:13'),
(429, '134', 'Devil May Cry', 0, 0, '2021-04-04 07:24:13', '2021-04-04 07:24:13'),
(430, '1918', 'Injustice: Gods Among Us', 0, 0, '2021-04-04 07:24:13', '2021-04-04 07:24:13'),
(431, '284', 'Wolfenstein 3D', 0, 0, '2021-04-04 07:24:13', '2021-04-04 07:24:13'),
(432, '3221', 'Rogue Legacy', 0, 0, '2021-04-04 07:24:13', '2021-04-04 07:24:13'),
(433, '2181', 'Wii Sports', 0, 0, '2021-04-04 07:24:13', '2021-04-04 07:24:13'),
(434, '1876', 'Spore', 0, 0, '2021-04-04 07:24:13', '2021-04-04 07:24:13'),
(435, '1339', 'Psychonauts', 0, 0, '2021-04-04 07:24:13', '2021-04-04 07:24:13'),
(436, '152', 'Star Wars: Jedi Knight II - Jedi Outcast', 0, 0, '2021-04-04 07:24:13', '2021-04-04 07:24:13'),
(437, '2025', 'Mount & Blade: Warband', 0, 0, '2021-04-04 07:24:13', '2021-04-04 07:24:13'),
(438, '1426', 'Phoenix Wright: Ace Attorney', 0, 0, '2021-04-04 07:24:13', '2021-04-04 07:24:13'),
(439, '3278', 'Garry\'s Mod', 0, 0, '2021-04-04 07:24:13', '2021-04-04 07:24:13'),
(440, '492', 'Gears of War 3', 0, 0, '2021-04-04 07:24:13', '2021-04-04 07:24:13'),
(441, '438', 'Rome: Total War', 0, 0, '2021-04-04 07:24:13', '2021-04-04 07:24:13'),
(442, '103298', 'DOOM Eternal', 0, 0, '2021-04-04 07:24:13', '2021-04-04 07:24:13'),
(443, '22', 'System Shock 2', 0, 0, '2021-04-04 07:24:13', '2021-04-04 07:24:13'),
(444, '2903', 'Warframe', 0, 0, '2021-04-04 07:24:13', '2021-04-04 07:24:13'),
(445, '832', 'Planescape: Torment', 0, 0, '2021-04-04 07:24:13', '2021-04-04 07:24:13'),
(446, '509', 'RAGE', 0, 0, '2021-04-04 07:24:13', '2021-04-04 07:24:13'),
(447, '7574', 'FIFA 15', 0, 0, '2021-04-04 07:24:13', '2021-04-04 07:24:13'),
(448, '7170', 'Ico', 0, 0, '2021-04-04 07:24:13', '2021-04-04 07:24:13'),
(449, '942', 'World of Goo', 0, 0, '2021-04-04 07:24:13', '2021-04-04 07:24:13'),
(450, '2148', 'Banjo-Kazooie', 0, 0, '2021-04-04 07:24:13', '2021-04-04 07:24:13'),
(451, '1269', 'Darksiders II', 0, 0, '2021-04-04 07:24:13', '2021-04-04 07:24:13'),
(452, '141', 'Star Wars: Battlefront', 0, 0, '2021-04-04 07:24:13', '2021-04-04 07:24:13'),
(453, '9254', 'Subnautica', 0, 0, '2021-04-04 07:24:13', '2021-04-04 07:24:13'),
(454, '4598', 'Contra', 0, 0, '2021-04-04 07:24:13', '2021-04-04 07:24:13'),
(455, '1521', 'Pokémon Black', 0, 0, '2021-04-04 07:24:13', '2021-04-04 07:24:13'),
(456, '911', 'Tom Clancy\'s Splinter Cell: Chaos Theory', 0, 0, '2021-04-04 07:24:13', '2021-04-04 07:24:13'),
(457, '62', 'The Curse of Monkey Island', 0, 0, '2021-04-04 07:24:13', '2021-04-04 07:24:13'),
(458, '6247', 'Trine', 0, 0, '2021-04-04 07:24:13', '2021-04-04 07:24:13'),
(459, '1877', 'Cyberpunk 2077', 0, 0, '2021-04-04 07:24:13', '2021-04-04 07:24:13'),
(460, '9600', 'Persona 4', 0, 0, '2021-04-04 07:24:13', '2021-04-04 07:24:13'),
(461, '7313', 'Heroes of the Storm', 0, 0, '2021-04-04 07:24:13', '2021-04-04 07:24:13'),
(462, '948', 'Worms Armageddon', 0, 0, '2021-04-04 07:24:13', '2021-04-04 07:24:13'),
(463, '552', 'God of War: Chains of Olympus', 0, 0, '2021-04-04 07:24:13', '2021-04-04 07:24:13'),
(464, '2115', 'Titanfall', 0, 0, '2021-04-04 07:24:13', '2021-04-04 07:24:13'),
(465, '1114', 'Castlevania', 0, 0, '2021-04-04 07:24:13', '2021-04-04 07:24:13'),
(466, '3153', 'Castle Crashers', 0, 0, '2021-04-04 07:24:13', '2021-04-04 07:24:13'),
(467, '1593', 'Pillars of Eternity', 0, 0, '2021-04-04 07:24:13', '2021-04-04 07:24:13'),
(468, '1557', 'Pokémon Ruby', 0, 0, '2021-04-04 07:24:13', '2021-04-04 07:24:13'),
(469, '556', 'Medal of Honor', 0, 0, '2021-04-04 07:24:13', '2021-04-04 07:24:13'),
(470, '21062', 'Sonic Mania', 0, 0, '2021-04-04 07:24:13', '2021-04-04 07:24:13'),
(471, '11800', 'Divinity: Original Sin II', 0, 0, '2021-04-04 07:24:13', '2021-04-04 07:24:13'),
(472, '37001', 'Ori and the Will of the Wisps', 0, 0, '2021-04-04 07:24:13', '2021-04-04 07:24:13'),
(473, '1976', 'Call of Juarez: Gunslinger', 0, 0, '2021-04-04 07:24:13', '2021-04-04 07:24:13'),
(474, '1618', 'Mortal Kombat', 0, 0, '2021-04-04 07:24:13', '2021-04-04 07:24:13'),
(475, '398', 'Final Fantasy XII', 0, 0, '2021-04-04 07:24:13', '2021-04-04 07:24:13'),
(476, '109462', 'Animal Crossing: New Horizons', 0, 0, '2021-04-04 07:24:13', '2021-04-04 07:24:13'),
(477, '2599', 'Game Dev Tycoon', 0, 0, '2021-04-04 07:24:13', '2021-04-04 07:24:13'),
(478, '7081', 'Battlefield Hardline', 0, 0, '2021-04-04 07:24:13', '2021-04-04 07:24:13'),
(479, '1058', 'LittleBigPlanet', 0, 0, '2021-04-04 07:24:13', '2021-04-04 07:24:13'),
(480, '949', 'Call of Duty 3', 0, 0, '2021-04-04 07:24:13', '2021-04-04 07:24:13'),
(481, '7842', 'Danganronpa: Trigger Happy Havoc', 0, 0, '2021-04-04 07:24:13', '2021-04-04 07:24:13'),
(482, '5508', 'The Banner Saga', 0, 0, '2021-04-04 07:24:13', '2021-04-04 07:24:13'),
(483, '1560', 'Pokémon Diamond', 0, 0, '2021-04-04 07:24:13', '2021-04-04 07:24:13'),
(484, '521', 'Fable', 0, 0, '2021-04-04 07:24:13', '2021-04-04 07:24:13'),
(485, '3812', 'Ryse: Son of Rome', 0, 0, '2021-04-04 07:24:13', '2021-04-04 07:24:13'),
(486, '2178', 'New Super Mario Bros. Wii', 0, 0, '2021-04-04 07:24:13', '2021-04-04 07:24:13'),
(487, '1576', 'Spyro the Dragon', 0, 0, '2021-04-04 07:24:13', '2021-04-04 07:24:13'),
(488, '826', 'Saints Row 2', 0, 0, '2021-04-04 07:24:13', '2021-04-04 07:24:13'),
(489, '520', 'F.E.A.R. 2: Project Origin', 0, 0, '2021-04-04 07:24:13', '2021-04-04 07:24:13'),
(490, '515', 'inFAMOUS 2', 0, 0, '2021-04-04 07:24:13', '2021-04-04 07:24:13'),
(491, '137', 'Star Wars: The Force Unleashed II', 0, 0, '2021-04-04 07:24:13', '2021-04-04 07:24:13'),
(492, '6250', 'Trine 2', 0, 0, '2021-04-04 07:24:13', '2021-04-04 07:24:13'),
(493, '3048', 'The Order: 1886', 0, 0, '2021-04-04 07:24:13', '2021-04-04 07:24:13'),
(494, '2920', 'FIFA 14', 0, 0, '2021-04-04 07:24:13', '2021-04-04 07:24:13'),
(495, '286', 'Quake II', 0, 0, '2021-04-04 07:24:13', '2021-04-04 07:24:13'),
(496, '11161', 'South Park: The Fractured But Whole', 0, 0, '2021-04-04 07:24:13', '2021-04-04 07:24:13'),
(497, '1827', 'Remember Me', 0, 0, '2021-04-04 07:24:13', '2021-04-04 07:24:13'),
(498, '1050', 'Hitman: Codename 47', 0, 0, '2021-04-04 07:24:13', '2021-04-04 07:24:13'),
(499, '1049', 'Hitman: Contracts', 0, 0, '2021-04-04 07:24:13', '2021-04-04 07:24:13'),
(500, '293', 'Sid Meier\'s Civilization IV', 0, 0, '2021-04-04 07:24:13', '2021-04-04 07:24:13');

-- --------------------------------------------------------

--
-- Estrutura da tabela `jogo_modo`
--

CREATE TABLE `jogo_modo` (
  `id` bigint(20) UNSIGNED NOT NULL,
  `jogo_id` bigint(20) UNSIGNED NOT NULL,
  `modo_id` bigint(20) UNSIGNED NOT NULL,
  `created_at` timestamp NULL DEFAULT NULL,
  `updated_at` timestamp NULL DEFAULT NULL
) ENGINE=InnoDB DEFAULT CHARSET=utf8mb4 COLLATE=utf8mb4_unicode_ci;

--
-- Extraindo dados da tabela `jogo_modo`
--

INSERT INTO `jogo_modo` (`id`, `jogo_id`, `modo_id`, `created_at`, `updated_at`) VALUES
(1, 1, 1, NULL, NULL),
(2, 1, 2, NULL, NULL),
(3, 2, 1, NULL, NULL),
(4, 3, 1, NULL, NULL),
(5, 4, 1, NULL, NULL),
(6, 4, 2, NULL, NULL),
(7, 4, 3, NULL, NULL),
(8, 4, 4, NULL, NULL),
(9, 5, 1, NULL, NULL),
(10, 6, 1, NULL, NULL),
(11, 6, 3, NULL, NULL),
(12, 7, 1, NULL, NULL),
(13, 7, 2, NULL, NULL),
(14, 8, 1, NULL, NULL),
(15, 9, 1, NULL, NULL),
(16, 10, 1, NULL, NULL),
(17, 11, 1, NULL, NULL),
(18, 12, 1, NULL, NULL),
(19, 13, 1, NULL, NULL),
(20, 14, 1, NULL, NULL),
(21, 14, 2, NULL, NULL),
(22, 15, 1, NULL, NULL),
(23, 16, 1, NULL, NULL),
(24, 17, 1, NULL, NULL),
(25, 17, 2, NULL, NULL),
(26, 18, 1, NULL, NULL),
(27, 19, 1, NULL, NULL),
(28, 19, 2, NULL, NULL),
(29, 20, 1, NULL, NULL),
(30, 20, 2, NULL, NULL),
(31, 21, 1, NULL, NULL),
(32, 21, 2, NULL, NULL),
(33, 21, 3, NULL, NULL),
(34, 22, 1, NULL, NULL),
(35, 23, 1, NULL, NULL),
(36, 23, 2, NULL, NULL),
(37, 23, 3, NULL, NULL),
(38, 24, 1, NULL, NULL),
(39, 24, 2, NULL, NULL),
(40, 25, 1, NULL, NULL),
(41, 26, 1, NULL, NULL),
(42, 27, 1, NULL, NULL),
(43, 28, 1, NULL, NULL),
(44, 28, 2, NULL, NULL),
(45, 28, 3, NULL, NULL),
(46, 28, 4, NULL, NULL),
(47, 29, 1, NULL, NULL),
(48, 30, 1, NULL, NULL),
(49, 31, 1, NULL, NULL),
(50, 31, 2, NULL, NULL),
(51, 31, 3, NULL, NULL),
(52, 32, 1, NULL, NULL),
(53, 33, 1, NULL, NULL),
(54, 33, 2, NULL, NULL),
(55, 33, 4, NULL, NULL),
(56, 34, 1, NULL, NULL),
(57, 35, 1, NULL, NULL),
(58, 35, 2, NULL, NULL),
(59, 36, 1, NULL, NULL),
(60, 37, 1, NULL, NULL),
(61, 37, 2, NULL, NULL),
(62, 37, 3, NULL, NULL),
(63, 37, 4, NULL, NULL),
(64, 37, 5, NULL, NULL),
(65, 38, 1, NULL, NULL),
(66, 39, 1, NULL, NULL),
(67, 39, 2, NULL, NULL),
(68, 39, 3, NULL, NULL),
(69, 40, 1, NULL, NULL),
(70, 41, 1, NULL, NULL),
(71, 42, 1, NULL, NULL),
(72, 42, 2, NULL, NULL),
(73, 43, 1, NULL, NULL),
(74, 44, 1, NULL, NULL),
(75, 44, 2, NULL, NULL),
(76, 44, 3, NULL, NULL),
(77, 45, 1, NULL, NULL),
(78, 46, 1, NULL, NULL),
(79, 46, 2, NULL, NULL),
(80, 47, 1, NULL, NULL),
(81, 47, 2, NULL, NULL),
(82, 47, 3, NULL, NULL),
(83, 48, 1, NULL, NULL),
(84, 49, 1, NULL, NULL),
(85, 50, 1, NULL, NULL),
(86, 51, 1, NULL, NULL),
(87, 52, 1, NULL, NULL),
(88, 53, 1, NULL, NULL),
(89, 53, 2, NULL, NULL),
(90, 54, 1, NULL, NULL),
(91, 55, 1, NULL, NULL),
(92, 56, 1, NULL, NULL),
(93, 57, 1, NULL, NULL),
(94, 58, 1, NULL, NULL),
(95, 59, 1, NULL, NULL),
(96, 59, 2, NULL, NULL),
(97, 60, 1, NULL, NULL),
(98, 60, 2, NULL, NULL),
(99, 60, 3, NULL, NULL),
(100, 61, 1, NULL, NULL),
(101, 61, 2, NULL, NULL),
(102, 62, 1, NULL, NULL),
(103, 62, 2, NULL, NULL),
(104, 63, 1, NULL, NULL),
(105, 64, 1, NULL, NULL),
(106, 65, 1, NULL, NULL),
(107, 66, 1, NULL, NULL),
(108, 66, 2, NULL, NULL),
(109, 67, 1, NULL, NULL),
(110, 67, 3, NULL, NULL),
(111, 68, 1, NULL, NULL),
(112, 69, 1, NULL, NULL),
(113, 69, 2, NULL, NULL),
(114, 69, 3, NULL, NULL),
(115, 70, 1, NULL, NULL),
(116, 70, 2, NULL, NULL),
(117, 70, 3, NULL, NULL),
(118, 71, 1, NULL, NULL),
(119, 72, 1, NULL, NULL),
(120, 73, 1, NULL, NULL),
(121, 74, 1, NULL, NULL),
(122, 74, 2, NULL, NULL),
(123, 75, 2, NULL, NULL),
(124, 76, 1, NULL, NULL),
(125, 77, 1, NULL, NULL),
(126, 77, 2, NULL, NULL),
(127, 77, 3, NULL, NULL),
(128, 77, 4, NULL, NULL),
(129, 78, 1, NULL, NULL),
(130, 79, 1, NULL, NULL),
(131, 80, 1, NULL, NULL),
(132, 81, 2, NULL, NULL),
(133, 82, 1, NULL, NULL),
(134, 83, 1, NULL, NULL),
(135, 83, 2, NULL, NULL),
(136, 83, 3, NULL, NULL),
(137, 84, 1, NULL, NULL),
(138, 85, 1, NULL, NULL),
(139, 86, 1, NULL, NULL),
(140, 87, 1, NULL, NULL),
(141, 87, 3, NULL, NULL),
(142, 88, 1, NULL, NULL),
(143, 88, 2, NULL, NULL),
(144, 89, 1, NULL, NULL),
(145, 89, 2, NULL, NULL),
(146, 90, 1, NULL, NULL),
(147, 91, 1, NULL, NULL),
(148, 91, 2, NULL, NULL),
(149, 92, 1, NULL, NULL),
(150, 93, 1, NULL, NULL),
(151, 93, 2, NULL, NULL),
(152, 94, 1, NULL, NULL),
(153, 95, 1, NULL, NULL),
(154, 95, 2, NULL, NULL),
(155, 95, 3, NULL, NULL),
(156, 96, 1, NULL, NULL),
(157, 96, 2, NULL, NULL),
(158, 97, 1, NULL, NULL),
(159, 97, 3, NULL, NULL),
(160, 98, 1, NULL, NULL),
(161, 99, 1, NULL, NULL),
(162, 99, 2, NULL, NULL),
(163, 100, 1, NULL, NULL),
(164, 100, 2, NULL, NULL),
(165, 100, 3, NULL, NULL),
(166, 100, 4, NULL, NULL),
(167, 101, 1, NULL, NULL),
(168, 102, 1, NULL, NULL),
(169, 102, 2, NULL, NULL),
(170, 102, 3, NULL, NULL),
(171, 103, 1, NULL, NULL),
(172, 104, 1, NULL, NULL),
(173, 104, 2, NULL, NULL),
(174, 104, 3, NULL, NULL),
(175, 105, 1, NULL, NULL),
(176, 106, 1, NULL, NULL),
(177, 106, 2, NULL, NULL),
(178, 107, 1, NULL, NULL),
(179, 107, 2, NULL, NULL),
(180, 108, 1, NULL, NULL),
(181, 109, 1, NULL, NULL),
(182, 109, 2, NULL, NULL),
(183, 109, 3, NULL, NULL),
(184, 110, 1, NULL, NULL),
(185, 110, 2, NULL, NULL),
(186, 110, 3, NULL, NULL),
(187, 111, 1, NULL, NULL),
(188, 112, 1, NULL, NULL),
(189, 112, 2, NULL, NULL),
(190, 112, 3, NULL, NULL),
(191, 113, 1, NULL, NULL),
(192, 113, 2, NULL, NULL),
(193, 113, 3, NULL, NULL),
(194, 113, 4, NULL, NULL),
(195, 114, 1, NULL, NULL),
(196, 115, 1, NULL, NULL),
(197, 115, 2, NULL, NULL),
(198, 115, 3, NULL, NULL),
(199, 116, 1, NULL, NULL),
(200, 117, 1, NULL, NULL),
(201, 117, 2, NULL, NULL),
(202, 117, 3, NULL, NULL),
(203, 118, 1, NULL, NULL),
(204, 119, 1, NULL, NULL),
(205, 119, 3, NULL, NULL),
(206, 120, 1, NULL, NULL),
(207, 121, 1, NULL, NULL),
(208, 121, 2, NULL, NULL),
(209, 121, 3, NULL, NULL),
(210, 121, 4, NULL, NULL),
(211, 122, 1, NULL, NULL),
(212, 122, 2, NULL, NULL),
(213, 122, 3, NULL, NULL),
(214, 123, 1, NULL, NULL),
(215, 123, 3, NULL, NULL),
(216, 124, 1, NULL, NULL),
(217, 125, 1, NULL, NULL),
(218, 126, 1, NULL, NULL),
(219, 127, 1, NULL, NULL),
(220, 128, 1, NULL, NULL),
(221, 129, 1, NULL, NULL),
(222, 130, 1, NULL, NULL),
(223, 130, 2, NULL, NULL),
(224, 131, 1, NULL, NULL),
(225, 131, 2, NULL, NULL),
(226, 131, 4, NULL, NULL),
(227, 132, 1, NULL, NULL),
(228, 133, 1, NULL, NULL),
(229, 134, 1, NULL, NULL),
(230, 135, 1, NULL, NULL),
(231, 136, 1, NULL, NULL),
(232, 137, 1, NULL, NULL),
(233, 138, 1, NULL, NULL),
(234, 138, 2, NULL, NULL),
(235, 139, 1, NULL, NULL),
(236, 139, 2, NULL, NULL),
(237, 139, 3, NULL, NULL),
(238, 139, 4, NULL, NULL),
(239, 140, 1, NULL, NULL),
(240, 140, 2, NULL, NULL),
(241, 140, 3, NULL, NULL),
(242, 140, 4, NULL, NULL),
(243, 141, 1, NULL, NULL),
(244, 142, 1, NULL, NULL),
(245, 142, 2, NULL, NULL),
(246, 143, 1, NULL, NULL),
(247, 144, 1, NULL, NULL),
(248, 144, 2, NULL, NULL),
(249, 144, 3, NULL, NULL),
(250, 145, 1, NULL, NULL),
(251, 146, 1, NULL, NULL),
(252, 146, 2, NULL, NULL),
(253, 146, 3, NULL, NULL),
(254, 146, 4, NULL, NULL),
(255, 147, 1, NULL, NULL),
(256, 148, 1, NULL, NULL),
(257, 149, 1, NULL, NULL),
(258, 150, 1, NULL, NULL),
(259, 150, 2, NULL, NULL),
(260, 151, 1, NULL, NULL),
(261, 151, 2, NULL, NULL),
(262, 151, 3, NULL, NULL),
(263, 152, 1, NULL, NULL),
(264, 152, 2, NULL, NULL),
(265, 153, 1, NULL, NULL),
(266, 153, 2, NULL, NULL),
(267, 154, 1, NULL, NULL),
(268, 155, 1, NULL, NULL),
(269, 155, 2, NULL, NULL),
(270, 155, 4, NULL, NULL),
(271, 156, 1, NULL, NULL),
(272, 157, 1, NULL, NULL),
(273, 157, 2, NULL, NULL),
(274, 158, 2, NULL, NULL),
(275, 158, 3, NULL, NULL),
(276, 159, 1, NULL, NULL),
(277, 160, 1, NULL, NULL),
(278, 160, 2, NULL, NULL),
(279, 161, 1, NULL, NULL),
(280, 161, 2, NULL, NULL),
(281, 161, 4, NULL, NULL),
(282, 162, 1, NULL, NULL),
(283, 162, 2, NULL, NULL),
(284, 162, 3, NULL, NULL),
(285, 163, 1, NULL, NULL),
(286, 163, 2, NULL, NULL),
(287, 164, 1, NULL, NULL),
(288, 164, 2, NULL, NULL),
(289, 164, 3, NULL, NULL),
(290, 164, 4, NULL, NULL),
(291, 165, 2, NULL, NULL),
(292, 165, 5, NULL, NULL),
(293, 166, 1, NULL, NULL),
(294, 167, 1, NULL, NULL),
(295, 168, 1, NULL, NULL),
(296, 169, 1, NULL, NULL),
(297, 170, 1, NULL, NULL),
(298, 170, 2, NULL, NULL),
(299, 170, 3, NULL, NULL),
(300, 170, 4, NULL, NULL),
(301, 171, 1, NULL, NULL),
(302, 172, 1, NULL, NULL),
(303, 173, 1, NULL, NULL),
(304, 173, 2, NULL, NULL),
(305, 174, 1, NULL, NULL),
(306, 175, 1, NULL, NULL),
(307, 176, 1, NULL, NULL),
(308, 176, 2, NULL, NULL),
(309, 176, 3, NULL, NULL),
(310, 176, 4, NULL, NULL),
(311, 177, 1, NULL, NULL),
(312, 177, 2, NULL, NULL),
(313, 177, 3, NULL, NULL),
(314, 178, 1, NULL, NULL),
(315, 179, 1, NULL, NULL),
(316, 180, 1, NULL, NULL),
(317, 181, 1, NULL, NULL),
(318, 181, 2, NULL, NULL),
(319, 181, 3, NULL, NULL),
(320, 182, 1, NULL, NULL),
(321, 182, 2, NULL, NULL),
(322, 183, 1, NULL, NULL),
(323, 183, 2, NULL, NULL),
(324, 183, 3, NULL, NULL),
(325, 184, 1, NULL, NULL),
(326, 184, 2, NULL, NULL),
(327, 184, 3, NULL, NULL),
(328, 185, 1, NULL, NULL),
(329, 186, 1, NULL, NULL),
(330, 187, 1, NULL, NULL),
(331, 188, 1, NULL, NULL),
(332, 188, 2, NULL, NULL),
(333, 188, 3, NULL, NULL),
(334, 189, 1, NULL, NULL),
(335, 190, 1, NULL, NULL),
(336, 191, 1, NULL, NULL),
(337, 191, 2, NULL, NULL),
(338, 191, 4, NULL, NULL),
(339, 192, 1, NULL, NULL),
(340, 192, 2, NULL, NULL),
(341, 192, 3, NULL, NULL),
(342, 193, 1, NULL, NULL),
(343, 194, 1, NULL, NULL),
(344, 195, 1, NULL, NULL),
(345, 195, 2, NULL, NULL),
(346, 195, 3, NULL, NULL),
(347, 196, 1, NULL, NULL),
(348, 197, 1, NULL, NULL),
(349, 198, 1, NULL, NULL),
(350, 199, 1, NULL, NULL),
(351, 200, 1, NULL, NULL),
(352, 200, 2, NULL, NULL),
(353, 200, 3, NULL, NULL),
(354, 200, 4, NULL, NULL),
(355, 200, 6, NULL, NULL),
(356, 201, 1, NULL, NULL),
(357, 201, 2, NULL, NULL),
(358, 202, 1, NULL, NULL),
(359, 202, 2, NULL, NULL),
(360, 202, 3, NULL, NULL),
(361, 202, 4, NULL, NULL),
(362, 203, 1, NULL, NULL),
(363, 203, 2, NULL, NULL),
(364, 204, 1, NULL, NULL),
(365, 205, 1, NULL, NULL),
(366, 206, 1, NULL, NULL),
(367, 207, 1, NULL, NULL),
(368, 207, 2, NULL, NULL),
(369, 208, 2, NULL, NULL),
(370, 208, 3, NULL, NULL),
(371, 209, 1, NULL, NULL),
(372, 210, 1, NULL, NULL),
(373, 210, 2, NULL, NULL),
(374, 210, 3, NULL, NULL),
(375, 211, 1, NULL, NULL),
(376, 211, 2, NULL, NULL),
(377, 211, 3, NULL, NULL),
(378, 211, 4, NULL, NULL),
(379, 212, 1, NULL, NULL),
(380, 212, 2, NULL, NULL),
(381, 212, 3, NULL, NULL),
(382, 212, 4, NULL, NULL),
(383, 213, 1, NULL, NULL),
(384, 213, 2, NULL, NULL),
(385, 214, 1, NULL, NULL),
(386, 215, 1, NULL, NULL),
(387, 215, 2, NULL, NULL),
(388, 216, 1, NULL, NULL),
(389, 217, 1, NULL, NULL),
(390, 218, 1, NULL, NULL),
(391, 218, 2, NULL, NULL),
(392, 219, 1, NULL, NULL),
(393, 220, 1, NULL, NULL),
(394, 220, 2, NULL, NULL),
(395, 220, 3, NULL, NULL),
(396, 221, 1, NULL, NULL),
(397, 222, 1, NULL, NULL),
(398, 223, 1, NULL, NULL),
(399, 223, 2, NULL, NULL),
(400, 224, 1, NULL, NULL),
(401, 225, 1, NULL, NULL),
(402, 226, 1, NULL, NULL),
(403, 226, 2, NULL, NULL),
(404, 226, 3, NULL, NULL),
(405, 226, 4, NULL, NULL),
(406, 227, 1, NULL, NULL),
(407, 228, 1, NULL, NULL),
(408, 228, 2, NULL, NULL),
(409, 228, 3, NULL, NULL),
(410, 228, 5, NULL, NULL),
(411, 229, 1, NULL, NULL),
(412, 230, 1, NULL, NULL),
(413, 231, 1, NULL, NULL),
(414, 232, 1, NULL, NULL),
(415, 232, 2, NULL, NULL),
(416, 232, 4, NULL, NULL),
(417, 233, 1, NULL, NULL),
(418, 234, 1, NULL, NULL),
(419, 234, 2, NULL, NULL),
(420, 234, 3, NULL, NULL),
(421, 234, 4, NULL, NULL),
(422, 235, 1, NULL, NULL),
(423, 235, 2, NULL, NULL),
(424, 235, 3, NULL, NULL),
(425, 236, 1, NULL, NULL),
(426, 236, 2, NULL, NULL),
(427, 236, 4, NULL, NULL),
(428, 237, 1, NULL, NULL),
(429, 238, 1, NULL, NULL),
(430, 238, 2, NULL, NULL),
(431, 239, 1, NULL, NULL),
(432, 240, 1, NULL, NULL),
(433, 241, 1, NULL, NULL),
(434, 241, 2, NULL, NULL),
(435, 242, 1, NULL, NULL),
(436, 242, 2, NULL, NULL),
(437, 242, 3, NULL, NULL),
(438, 243, 1, NULL, NULL),
(439, 244, 1, NULL, NULL),
(440, 244, 2, NULL, NULL),
(441, 244, 3, NULL, NULL),
(442, 245, 1, NULL, NULL),
(443, 246, 1, NULL, NULL),
(444, 246, 2, NULL, NULL),
(445, 246, 3, NULL, NULL),
(446, 246, 4, NULL, NULL),
(447, 247, 1, NULL, NULL),
(448, 247, 2, NULL, NULL),
(449, 247, 3, NULL, NULL),
(450, 248, 1, NULL, NULL),
(451, 248, 2, NULL, NULL),
(452, 248, 3, NULL, NULL),
(453, 249, 1, NULL, NULL),
(454, 250, 1, NULL, NULL),
(455, 251, 1, NULL, NULL),
(456, 252, 1, NULL, NULL),
(457, 253, 1, NULL, NULL),
(458, 253, 2, NULL, NULL),
(459, 254, 1, NULL, NULL),
(460, 254, 2, NULL, NULL),
(461, 254, 4, NULL, NULL),
(462, 255, 1, NULL, NULL),
(463, 255, 2, NULL, NULL),
(464, 256, 2, NULL, NULL),
(465, 257, 1, NULL, NULL),
(466, 258, 1, NULL, NULL),
(467, 259, 1, NULL, NULL),
(468, 260, 1, NULL, NULL),
(469, 260, 2, NULL, NULL),
(470, 261, 1, NULL, NULL),
(471, 262, 1, NULL, NULL),
(472, 263, 1, NULL, NULL),
(473, 263, 3, NULL, NULL),
(474, 264, 1, NULL, NULL),
(475, 264, 2, NULL, NULL),
(476, 264, 3, NULL, NULL),
(477, 265, 1, NULL, NULL),
(478, 265, 2, NULL, NULL),
(479, 265, 3, NULL, NULL),
(480, 265, 5, NULL, NULL),
(481, 266, 1, NULL, NULL),
(482, 267, 1, NULL, NULL),
(483, 268, 1, NULL, NULL),
(484, 269, 1, NULL, NULL),
(485, 269, 2, NULL, NULL),
(486, 270, 1, NULL, NULL),
(487, 270, 2, NULL, NULL),
(488, 270, 3, NULL, NULL),
(489, 271, 1, NULL, NULL),
(490, 271, 2, NULL, NULL),
(491, 272, 1, NULL, NULL),
(492, 273, 1, NULL, NULL),
(493, 274, 1, NULL, NULL),
(494, 274, 2, NULL, NULL),
(495, 274, 4, NULL, NULL),
(496, 275, 1, NULL, NULL),
(497, 276, 1, NULL, NULL),
(498, 277, 1, NULL, NULL),
(499, 278, 1, NULL, NULL),
(500, 278, 3, NULL, NULL),
(501, 279, 1, NULL, NULL),
(502, 280, 1, NULL, NULL),
(503, 281, 1, NULL, NULL),
(504, 282, 2, NULL, NULL),
(505, 283, 1, NULL, NULL),
(506, 283, 2, NULL, NULL),
(507, 284, 1, NULL, NULL),
(508, 284, 5, NULL, NULL),
(509, 285, 1, NULL, NULL),
(510, 286, 1, NULL, NULL),
(511, 286, 2, NULL, NULL),
(512, 286, 3, NULL, NULL),
(513, 287, 1, NULL, NULL),
(514, 288, 1, NULL, NULL),
(515, 288, 2, NULL, NULL),
(516, 289, 1, NULL, NULL),
(517, 289, 2, NULL, NULL),
(518, 290, 1, NULL, NULL),
(519, 290, 2, NULL, NULL),
(520, 291, 1, NULL, NULL),
(521, 291, 2, NULL, NULL),
(522, 292, 1, NULL, NULL),
(523, 292, 2, NULL, NULL),
(524, 293, 1, NULL, NULL),
(525, 294, 1, NULL, NULL),
(526, 294, 2, NULL, NULL),
(527, 294, 3, NULL, NULL),
(528, 295, 1, NULL, NULL),
(529, 295, 2, NULL, NULL),
(530, 296, 1, NULL, NULL),
(531, 297, 1, NULL, NULL),
(532, 298, 1, NULL, NULL),
(533, 298, 2, NULL, NULL),
(534, 298, 3, NULL, NULL),
(535, 299, 1, NULL, NULL),
(536, 299, 2, NULL, NULL),
(537, 300, 1, NULL, NULL),
(538, 300, 3, NULL, NULL),
(539, 301, 1, NULL, NULL),
(540, 301, 2, NULL, NULL),
(541, 301, 3, NULL, NULL),
(542, 301, 5, NULL, NULL),
(543, 302, 1, NULL, NULL),
(544, 303, 1, NULL, NULL),
(545, 304, 1, NULL, NULL),
(546, 305, 1, NULL, NULL),
(547, 305, 2, NULL, NULL),
(548, 306, 1, NULL, NULL),
(549, 306, 2, NULL, NULL),
(550, 306, 3, NULL, NULL),
(551, 307, 1, NULL, NULL),
(552, 308, 1, NULL, NULL),
(553, 308, 2, NULL, NULL),
(554, 309, 1, NULL, NULL),
(555, 310, 1, NULL, NULL),
(556, 311, 1, NULL, NULL),
(557, 311, 2, NULL, NULL),
(558, 312, 1, NULL, NULL),
(559, 313, 1, NULL, NULL),
(560, 313, 2, NULL, NULL),
(561, 314, 1, NULL, NULL),
(562, 314, 2, NULL, NULL),
(563, 315, 1, NULL, NULL),
(564, 316, 1, NULL, NULL),
(565, 316, 2, NULL, NULL),
(566, 316, 3, NULL, NULL),
(567, 317, 1, NULL, NULL),
(568, 317, 2, NULL, NULL),
(569, 317, 3, NULL, NULL),
(570, 318, 1, NULL, NULL),
(571, 319, 1, NULL, NULL),
(572, 320, 1, NULL, NULL),
(573, 320, 2, NULL, NULL),
(574, 320, 3, NULL, NULL),
(575, 321, 1, NULL, NULL),
(576, 321, 2, NULL, NULL),
(577, 321, 3, NULL, NULL),
(578, 321, 4, NULL, NULL),
(579, 322, 1, NULL, NULL),
(580, 323, 1, NULL, NULL),
(581, 324, 1, NULL, NULL),
(582, 325, 1, NULL, NULL),
(583, 326, 1, NULL, NULL),
(584, 327, 1, NULL, NULL),
(585, 327, 2, NULL, NULL),
(586, 327, 3, NULL, NULL),
(587, 327, 6, NULL, NULL),
(588, 328, 1, NULL, NULL),
(589, 328, 2, NULL, NULL),
(590, 329, 1, NULL, NULL),
(591, 329, 2, NULL, NULL),
(592, 329, 4, NULL, NULL),
(593, 330, 1, NULL, NULL),
(594, 331, 1, NULL, NULL),
(595, 332, 1, NULL, NULL),
(596, 332, 2, NULL, NULL),
(597, 332, 3, NULL, NULL),
(598, 333, 1, NULL, NULL),
(599, 333, 2, NULL, NULL),
(600, 334, 1, NULL, NULL),
(601, 334, 2, NULL, NULL),
(602, 335, 2, NULL, NULL),
(603, 336, 1, NULL, NULL),
(604, 337, 1, NULL, NULL),
(605, 337, 2, NULL, NULL),
(606, 337, 4, NULL, NULL),
(607, 338, 1, NULL, NULL),
(608, 339, 1, NULL, NULL),
(609, 339, 2, NULL, NULL),
(610, 339, 3, NULL, NULL),
(611, 340, 1, NULL, NULL),
(612, 341, 1, NULL, NULL),
(613, 341, 2, NULL, NULL),
(614, 342, 1, NULL, NULL),
(615, 343, 1, NULL, NULL),
(616, 344, 1, NULL, NULL),
(617, 344, 2, NULL, NULL),
(618, 344, 3, NULL, NULL),
(619, 345, 1, NULL, NULL),
(620, 346, 1, NULL, NULL),
(621, 347, 1, NULL, NULL),
(622, 348, 1, NULL, NULL),
(623, 349, 1, NULL, NULL),
(624, 349, 2, NULL, NULL),
(625, 349, 3, NULL, NULL),
(626, 350, 1, NULL, NULL),
(627, 351, 1, NULL, NULL),
(628, 352, 1, NULL, NULL),
(629, 353, 1, NULL, NULL),
(630, 353, 2, NULL, NULL),
(631, 353, 4, NULL, NULL),
(632, 354, 1, NULL, NULL),
(633, 355, 1, NULL, NULL),
(634, 355, 3, NULL, NULL),
(635, 356, 1, NULL, NULL),
(636, 356, 2, NULL, NULL),
(637, 357, 1, NULL, NULL),
(638, 357, 2, NULL, NULL),
(639, 357, 3, NULL, NULL),
(640, 358, 1, NULL, NULL),
(641, 358, 2, NULL, NULL),
(642, 359, 1, NULL, NULL),
(643, 359, 2, NULL, NULL),
(644, 360, 1, NULL, NULL),
(645, 361, 1, NULL, NULL),
(646, 362, 1, NULL, NULL),
(647, 363, 1, NULL, NULL),
(648, 364, 1, NULL, NULL),
(649, 365, 1, NULL, NULL),
(650, 366, 1, NULL, NULL),
(651, 366, 2, NULL, NULL),
(652, 367, 1, NULL, NULL),
(653, 367, 2, NULL, NULL),
(654, 368, 1, NULL, NULL),
(655, 369, 1, NULL, NULL),
(656, 370, 6, NULL, NULL),
(657, 371, 1, NULL, NULL),
(658, 372, 1, NULL, NULL),
(659, 372, 2, NULL, NULL),
(660, 373, 1, NULL, NULL),
(661, 373, 2, NULL, NULL),
(662, 374, 1, NULL, NULL),
(663, 375, 1, NULL, NULL),
(664, 376, 1, NULL, NULL),
(665, 377, 1, NULL, NULL),
(666, 378, 1, NULL, NULL),
(667, 378, 2, NULL, NULL),
(668, 378, 3, NULL, NULL),
(669, 379, 1, NULL, NULL),
(670, 379, 2, NULL, NULL),
(671, 380, 1, NULL, NULL),
(672, 381, 1, NULL, NULL),
(673, 381, 2, NULL, NULL),
(674, 381, 4, NULL, NULL),
(675, 382, 1, NULL, NULL),
(676, 382, 2, NULL, NULL),
(677, 382, 3, NULL, NULL),
(678, 382, 4, NULL, NULL),
(679, 383, 2, NULL, NULL),
(680, 383, 3, NULL, NULL),
(681, 383, 4, NULL, NULL),
(682, 384, 1, NULL, NULL),
(683, 385, 1, NULL, NULL),
(684, 386, 1, NULL, NULL),
(685, 387, 1, NULL, NULL),
(686, 387, 2, NULL, NULL),
(687, 388, 1, NULL, NULL),
(688, 388, 2, NULL, NULL),
(689, 389, 1, NULL, NULL),
(690, 390, 1, NULL, NULL),
(691, 391, 1, NULL, NULL),
(692, 392, 1, NULL, NULL),
(693, 392, 2, NULL, NULL),
(694, 392, 3, NULL, NULL),
(695, 393, 1, NULL, NULL),
(696, 394, 1, NULL, NULL),
(697, 395, 1, NULL, NULL),
(698, 396, 1, NULL, NULL),
(699, 397, 1, NULL, NULL),
(700, 397, 2, NULL, NULL),
(701, 397, 3, NULL, NULL),
(702, 397, 5, NULL, NULL),
(703, 398, 1, NULL, NULL),
(704, 399, 1, NULL, NULL),
(705, 400, 1, NULL, NULL),
(706, 400, 2, NULL, NULL),
(707, 400, 3, NULL, NULL),
(708, 401, 1, NULL, NULL),
(709, 401, 2, NULL, NULL),
(710, 401, 4, NULL, NULL),
(711, 402, 1, NULL, NULL),
(712, 402, 2, NULL, NULL),
(713, 403, 1, NULL, NULL),
(714, 404, 1, NULL, NULL),
(715, 404, 2, NULL, NULL),
(716, 405, 1, NULL, NULL),
(717, 405, 2, NULL, NULL),
(718, 406, 1, NULL, NULL),
(719, 406, 2, NULL, NULL),
(720, 406, 3, NULL, NULL),
(721, 407, 1, NULL, NULL),
(722, 407, 2, NULL, NULL),
(723, 408, 1, NULL, NULL),
(724, 409, 1, NULL, NULL),
(725, 409, 2, NULL, NULL),
(726, 410, 1, NULL, NULL),
(727, 410, 2, NULL, NULL),
(728, 411, 1, NULL, NULL),
(729, 411, 2, NULL, NULL),
(730, 412, 1, NULL, NULL),
(731, 412, 2, NULL, NULL),
(732, 412, 3, NULL, NULL),
(733, 413, 1, NULL, NULL),
(734, 414, 1, NULL, NULL),
(735, 415, 1, NULL, NULL),
(736, 415, 2, NULL, NULL),
(737, 416, 1, NULL, NULL),
(738, 416, 3, NULL, NULL),
(739, 417, 1, NULL, NULL),
(740, 418, 1, NULL, NULL),
(741, 419, 1, NULL, NULL),
(742, 420, 1, NULL, NULL),
(743, 420, 2, NULL, NULL),
(744, 420, 3, NULL, NULL),
(745, 421, 1, NULL, NULL),
(746, 421, 2, NULL, NULL),
(747, 421, 3, NULL, NULL),
(748, 421, 4, NULL, NULL),
(749, 422, 1, NULL, NULL),
(750, 422, 2, NULL, NULL),
(751, 423, 1, NULL, NULL),
(752, 423, 2, NULL, NULL),
(753, 424, 1, NULL, NULL),
(754, 424, 2, NULL, NULL),
(755, 424, 3, NULL, NULL),
(756, 425, 1, NULL, NULL),
(757, 426, 1, NULL, NULL),
(758, 426, 2, NULL, NULL),
(759, 426, 3, NULL, NULL),
(760, 427, 1, NULL, NULL),
(761, 427, 2, NULL, NULL),
(762, 428, 1, NULL, NULL),
(763, 428, 2, NULL, NULL),
(764, 429, 1, NULL, NULL),
(765, 430, 1, NULL, NULL),
(766, 430, 2, NULL, NULL),
(767, 431, 1, NULL, NULL),
(768, 432, 1, NULL, NULL),
(769, 432, 3, NULL, NULL),
(770, 433, 1, NULL, NULL),
(771, 433, 2, NULL, NULL),
(772, 433, 4, NULL, NULL),
(773, 434, 1, NULL, NULL),
(774, 435, 1, NULL, NULL),
(775, 436, 1, NULL, NULL),
(776, 436, 2, NULL, NULL),
(777, 437, 1, NULL, NULL),
(778, 437, 2, NULL, NULL),
(779, 438, 1, NULL, NULL),
(780, 439, 1, NULL, NULL),
(781, 439, 2, NULL, NULL),
(782, 439, 3, NULL, NULL),
(783, 440, 1, NULL, NULL),
(784, 440, 2, NULL, NULL),
(785, 440, 3, NULL, NULL),
(786, 440, 4, NULL, NULL),
(787, 441, 1, NULL, NULL),
(788, 441, 2, NULL, NULL),
(789, 442, 1, NULL, NULL),
(790, 442, 2, NULL, NULL),
(791, 443, 1, NULL, NULL),
(792, 443, 3, NULL, NULL),
(793, 444, 1, NULL, NULL),
(794, 444, 2, NULL, NULL),
(795, 444, 3, NULL, NULL),
(796, 445, 1, NULL, NULL),
(797, 446, 1, NULL, NULL),
(798, 446, 2, NULL, NULL),
(799, 446, 3, NULL, NULL),
(800, 447, 1, NULL, NULL),
(801, 447, 2, NULL, NULL),
(802, 447, 3, NULL, NULL),
(803, 448, 1, NULL, NULL),
(804, 449, 1, NULL, NULL),
(805, 449, 3, NULL, NULL),
(806, 450, 1, NULL, NULL),
(807, 451, 1, NULL, NULL),
(808, 452, 1, NULL, NULL),
(809, 452, 2, NULL, NULL),
(810, 452, 3, NULL, NULL),
(811, 452, 4, NULL, NULL),
(812, 453, 1, NULL, NULL),
(813, 454, 1, NULL, NULL),
(814, 454, 2, NULL, NULL),
(815, 454, 3, NULL, NULL),
(816, 455, 1, NULL, NULL),
(817, 455, 2, NULL, NULL),
(818, 456, 1, NULL, NULL),
(819, 456, 2, NULL, NULL),
(820, 456, 3, NULL, NULL),
(821, 457, 1, NULL, NULL),
(822, 458, 1, NULL, NULL),
(823, 458, 2, NULL, NULL),
(824, 458, 3, NULL, NULL),
(825, 459, 1, NULL, NULL),
(826, 459, 2, NULL, NULL),
(827, 460, 1, NULL, NULL),
(828, 461, 2, NULL, NULL),
(829, 461, 3, NULL, NULL),
(830, 462, 1, NULL, NULL),
(831, 462, 2, NULL, NULL),
(832, 462, 3, NULL, NULL),
(833, 463, 1, NULL, NULL),
(834, 464, 2, NULL, NULL),
(835, 465, 1, NULL, NULL),
(836, 466, 1, NULL, NULL),
(837, 466, 2, NULL, NULL),
(838, 466, 3, NULL, NULL),
(839, 467, 1, NULL, NULL),
(840, 468, 1, NULL, NULL),
(841, 468, 2, NULL, NULL),
(842, 469, 1, NULL, NULL),
(843, 469, 2, NULL, NULL),
(844, 469, 3, NULL, NULL),
(845, 470, 1, NULL, NULL),
(846, 470, 2, NULL, NULL),
(847, 470, 3, NULL, NULL),
(848, 471, 1, NULL, NULL),
(849, 471, 2, NULL, NULL),
(850, 471, 3, NULL, NULL),
(851, 472, 1, NULL, NULL),
(852, 473, 1, NULL, NULL),
(853, 474, 1, NULL, NULL),
(854, 474, 2, NULL, NULL),
(855, 475, 1, NULL, NULL),
(856, 476, 1, NULL, NULL),
(857, 476, 2, NULL, NULL),
(858, 476, 3, NULL, NULL),
(859, 476, 4, NULL, NULL),
(860, 477, 1, NULL, NULL),
(861, 478, 1, NULL, NULL),
(862, 478, 2, NULL, NULL),
(863, 479, 1, NULL, NULL),
(864, 479, 2, NULL, NULL),
(865, 479, 3, NULL, NULL),
(866, 480, 1, NULL, NULL),
(867, 480, 2, NULL, NULL),
(868, 481, 1, NULL, NULL),
(869, 482, 1, NULL, NULL),
(870, 482, 2, NULL, NULL),
(871, 483, 1, NULL, NULL),
(872, 483, 2, NULL, NULL),
(873, 484, 1, NULL, NULL),
(874, 485, 1, NULL, NULL),
(875, 485, 2, NULL, NULL),
(876, 485, 3, NULL, NULL),
(877, 486, 1, NULL, NULL),
(878, 486, 2, NULL, NULL),
(879, 487, 1, NULL, NULL),
(880, 488, 1, NULL, NULL),
(881, 488, 2, NULL, NULL),
(882, 489, 1, NULL, NULL),
(883, 489, 2, NULL, NULL),
(884, 490, 1, NULL, NULL),
(885, 491, 1, NULL, NULL),
(886, 491, 2, NULL, NULL),
(887, 492, 1, NULL, NULL),
(888, 492, 2, NULL, NULL),
(889, 492, 3, NULL, NULL),
(890, 493, 1, NULL, NULL),
(891, 493, 2, NULL, NULL),
(892, 494, 1, NULL, NULL),
(893, 494, 2, NULL, NULL),
(894, 495, 1, NULL, NULL),
(895, 495, 2, NULL, NULL),
(896, 495, 3, NULL, NULL),
(897, 496, 1, NULL, NULL),
(898, 497, 1, NULL, NULL),
(899, 498, 1, NULL, NULL),
(900, 499, 1, NULL, NULL),
(901, 500, 1, NULL, NULL),
(902, 500, 2, NULL, NULL);

-- --------------------------------------------------------

--
-- Estrutura da tabela `jogo_perspectiva`
--

CREATE TABLE `jogo_perspectiva` (
  `id` bigint(20) UNSIGNED NOT NULL,
  `jogo_id` bigint(20) UNSIGNED NOT NULL,
  `perspectiva_id` bigint(20) UNSIGNED NOT NULL,
  `created_at` timestamp NULL DEFAULT NULL,
  `updated_at` timestamp NULL DEFAULT NULL
) ENGINE=InnoDB DEFAULT CHARSET=utf8mb4 COLLATE=utf8mb4_unicode_ci;

--
-- Extraindo dados da tabela `jogo_perspectiva`
--

INSERT INTO `jogo_perspectiva` (`id`, `jogo_id`, `perspectiva_id`, `created_at`, `updated_at`) VALUES
(1, 1, 1, NULL, NULL),
(2, 1, 3, NULL, NULL),
(3, 2, 3, NULL, NULL),
(4, 3, 1, NULL, NULL),
(5, 3, 3, NULL, NULL),
(6, 4, 1, NULL, NULL),
(7, 5, 1, NULL, NULL),
(8, 6, 1, NULL, NULL),
(9, 6, 3, NULL, NULL),
(10, 7, 3, NULL, NULL),
(11, 8, 1, NULL, NULL),
(12, 9, 1, NULL, NULL),
(13, 10, 3, NULL, NULL),
(14, 11, 1, NULL, NULL),
(15, 12, 3, NULL, NULL),
(16, 13, 3, NULL, NULL),
(17, 14, 1, NULL, NULL),
(18, 15, 3, NULL, NULL),
(19, 16, 3, NULL, NULL),
(20, 17, 3, NULL, NULL),
(21, 18, 3, NULL, NULL),
(22, 19, 3, NULL, NULL),
(23, 20, 3, NULL, NULL),
(24, 21, 1, NULL, NULL),
(25, 22, 3, NULL, NULL),
(26, 23, 3, NULL, NULL),
(27, 24, 3, NULL, NULL),
(28, 25, 3, NULL, NULL),
(29, 26, 3, NULL, NULL),
(30, 27, 1, NULL, NULL),
(31, 27, 3, NULL, NULL),
(32, 28, 1, NULL, NULL),
(33, 29, 3, NULL, NULL),
(34, 30, 3, NULL, NULL),
(35, 31, 1, NULL, NULL),
(36, 32, 1, NULL, NULL),
(37, 32, 3, NULL, NULL),
(38, 33, 1, NULL, NULL),
(39, 34, 3, NULL, NULL),
(40, 35, 3, NULL, NULL),
(41, 36, 3, NULL, NULL),
(42, 37, 1, NULL, NULL),
(43, 37, 3, NULL, NULL),
(44, 37, 4, NULL, NULL),
(45, 38, 3, NULL, NULL),
(46, 39, 3, NULL, NULL),
(47, 40, 3, NULL, NULL),
(48, 41, 3, NULL, NULL),
(49, 42, 3, NULL, NULL),
(50, 43, 1, NULL, NULL),
(51, 43, 3, NULL, NULL),
(52, 44, 3, NULL, NULL),
(53, 45, 1, NULL, NULL),
(54, 47, 3, NULL, NULL),
(55, 48, 1, NULL, NULL),
(56, 48, 3, NULL, NULL),
(57, 49, 3, NULL, NULL),
(58, 51, 3, NULL, NULL),
(59, 52, 3, NULL, NULL),
(60, 57, 3, NULL, NULL),
(61, 58, 3, NULL, NULL),
(62, 59, 3, NULL, NULL),
(63, 60, 1, NULL, NULL),
(64, 60, 3, NULL, NULL),
(65, 62, 3, NULL, NULL),
(66, 63, 3, NULL, NULL),
(67, 64, 3, NULL, NULL),
(68, 65, 3, NULL, NULL),
(69, 67, 3, NULL, NULL),
(70, 68, 3, NULL, NULL),
(71, 70, 3, NULL, NULL),
(72, 72, 3, NULL, NULL),
(73, 73, 3, NULL, NULL),
(74, 75, 1, NULL, NULL),
(75, 76, 1, NULL, NULL),
(76, 77, 1, NULL, NULL),
(77, 78, 3, NULL, NULL),
(78, 79, 1, NULL, NULL),
(79, 79, 3, NULL, NULL),
(80, 81, 1, NULL, NULL),
(81, 82, 3, NULL, NULL),
(82, 83, 3, NULL, NULL),
(83, 86, 3, NULL, NULL),
(84, 87, 1, NULL, NULL),
(85, 87, 3, NULL, NULL),
(86, 87, 4, NULL, NULL),
(87, 88, 3, NULL, NULL),
(88, 89, 3, NULL, NULL),
(89, 90, 3, NULL, NULL),
(90, 92, 1, NULL, NULL),
(91, 94, 3, NULL, NULL),
(92, 95, 1, NULL, NULL),
(93, 96, 3, NULL, NULL),
(94, 97, 3, NULL, NULL),
(95, 98, 3, NULL, NULL),
(96, 99, 1, NULL, NULL),
(97, 100, 1, NULL, NULL),
(98, 101, 1, NULL, NULL),
(99, 101, 3, NULL, NULL),
(100, 102, 1, NULL, NULL),
(101, 103, 3, NULL, NULL),
(102, 104, 3, NULL, NULL),
(103, 105, 3, NULL, NULL),
(104, 106, 1, NULL, NULL),
(105, 107, 3, NULL, NULL),
(106, 108, 1, NULL, NULL),
(107, 110, 1, NULL, NULL),
(108, 110, 3, NULL, NULL),
(109, 111, 3, NULL, NULL),
(110, 112, 3, NULL, NULL),
(111, 113, 1, NULL, NULL),
(112, 114, 1, NULL, NULL),
(113, 117, 1, NULL, NULL),
(114, 118, 1, NULL, NULL),
(115, 119, 3, NULL, NULL),
(116, 120, 3, NULL, NULL),
(117, 121, 3, NULL, NULL),
(118, 123, 3, NULL, NULL),
(119, 125, 3, NULL, NULL),
(120, 126, 3, NULL, NULL),
(121, 127, 3, NULL, NULL),
(122, 128, 1, NULL, NULL),
(123, 128, 3, NULL, NULL),
(124, 129, 3, NULL, NULL),
(125, 130, 3, NULL, NULL),
(126, 131, 1, NULL, NULL),
(127, 131, 3, NULL, NULL),
(128, 132, 3, NULL, NULL),
(129, 134, 3, NULL, NULL),
(130, 135, 1, NULL, NULL),
(131, 138, 1, NULL, NULL),
(132, 138, 3, NULL, NULL),
(133, 139, 1, NULL, NULL),
(134, 140, 1, NULL, NULL),
(135, 140, 3, NULL, NULL),
(136, 141, 3, NULL, NULL),
(137, 143, 3, NULL, NULL),
(138, 144, 3, NULL, NULL),
(139, 145, 3, NULL, NULL),
(140, 146, 1, NULL, NULL),
(141, 147, 1, NULL, NULL),
(142, 148, 3, NULL, NULL),
(143, 150, 1, NULL, NULL),
(144, 150, 3, NULL, NULL),
(145, 151, 1, NULL, NULL),
(146, 151, 4, NULL, NULL),
(147, 153, 3, NULL, NULL),
(148, 154, 3, NULL, NULL),
(149, 155, 1, NULL, NULL),
(150, 155, 3, NULL, NULL),
(151, 156, 1, NULL, NULL),
(152, 157, 1, NULL, NULL),
(153, 158, 1, NULL, NULL),
(154, 159, 1, NULL, NULL),
(155, 159, 4, NULL, NULL),
(156, 160, 3, NULL, NULL),
(157, 161, 1, NULL, NULL),
(158, 161, 3, NULL, NULL),
(159, 162, 3, NULL, NULL),
(160, 164, 3, NULL, NULL),
(161, 165, 3, NULL, NULL),
(162, 166, 3, NULL, NULL),
(163, 167, 3, NULL, NULL),
(164, 170, 1, NULL, NULL),
(165, 171, 1, NULL, NULL),
(166, 172, 3, NULL, NULL),
(167, 173, 1, NULL, NULL),
(168, 174, 3, NULL, NULL),
(169, 175, 3, NULL, NULL),
(170, 176, 1, NULL, NULL),
(171, 176, 3, NULL, NULL),
(172, 178, 3, NULL, NULL),
(173, 180, 3, NULL, NULL),
(174, 182, 2, NULL, NULL),
(175, 183, 3, NULL, NULL),
(176, 185, 3, NULL, NULL),
(177, 186, 1, NULL, NULL),
(178, 187, 3, NULL, NULL),
(179, 188, 1, NULL, NULL),
(180, 189, 3, NULL, NULL),
(181, 190, 3, NULL, NULL),
(182, 191, 3, NULL, NULL),
(183, 192, 1, NULL, NULL),
(184, 193, 3, NULL, NULL),
(185, 194, 3, NULL, NULL),
(186, 196, 3, NULL, NULL),
(187, 197, 3, NULL, NULL),
(188, 199, 3, NULL, NULL),
(189, 200, 3, NULL, NULL),
(190, 201, 1, NULL, NULL),
(191, 202, 1, NULL, NULL),
(192, 203, 1, NULL, NULL),
(193, 205, 1, NULL, NULL),
(194, 205, 3, NULL, NULL),
(195, 206, 3, NULL, NULL),
(196, 207, 1, NULL, NULL),
(197, 208, 3, NULL, NULL),
(198, 209, 1, NULL, NULL),
(199, 209, 4, NULL, NULL),
(200, 210, 1, NULL, NULL),
(201, 211, 1, NULL, NULL),
(202, 212, 1, NULL, NULL),
(203, 212, 3, NULL, NULL),
(204, 214, 3, NULL, NULL),
(205, 219, 1, NULL, NULL),
(206, 220, 3, NULL, NULL),
(207, 221, 1, NULL, NULL),
(208, 222, 3, NULL, NULL),
(209, 224, 3, NULL, NULL),
(210, 228, 1, NULL, NULL),
(211, 229, 1, NULL, NULL),
(212, 230, 3, NULL, NULL),
(213, 231, 3, NULL, NULL),
(214, 232, 3, NULL, NULL),
(215, 234, 1, NULL, NULL),
(216, 234, 3, NULL, NULL),
(217, 235, 1, NULL, NULL),
(218, 237, 3, NULL, NULL),
(219, 238, 3, NULL, NULL),
(220, 239, 3, NULL, NULL),
(221, 240, 1, NULL, NULL),
(222, 240, 2, NULL, NULL),
(223, 242, 1, NULL, NULL),
(224, 243, 1, NULL, NULL),
(225, 243, 3, NULL, NULL),
(226, 244, 3, NULL, NULL),
(227, 245, 1, NULL, NULL),
(228, 246, 3, NULL, NULL),
(229, 248, 1, NULL, NULL),
(230, 249, 1, NULL, NULL),
(231, 250, 1, NULL, NULL),
(232, 250, 3, NULL, NULL),
(233, 251, 3, NULL, NULL),
(234, 252, 1, NULL, NULL),
(235, 254, 3, NULL, NULL),
(236, 255, 1, NULL, NULL),
(237, 255, 3, NULL, NULL),
(238, 256, 1, NULL, NULL),
(239, 258, 3, NULL, NULL),
(240, 259, 3, NULL, NULL),
(241, 260, 1, NULL, NULL),
(242, 261, 3, NULL, NULL),
(243, 265, 1, NULL, NULL),
(244, 265, 3, NULL, NULL),
(245, 268, 3, NULL, NULL),
(246, 269, 1, NULL, NULL),
(247, 270, 1, NULL, NULL),
(248, 272, 3, NULL, NULL),
(249, 273, 3, NULL, NULL),
(250, 274, 1, NULL, NULL),
(251, 274, 3, NULL, NULL),
(252, 275, 3, NULL, NULL),
(253, 276, 3, NULL, NULL),
(254, 277, 1, NULL, NULL),
(255, 279, 3, NULL, NULL),
(256, 280, 3, NULL, NULL),
(257, 281, 3, NULL, NULL),
(258, 282, 1, NULL, NULL),
(259, 284, 1, NULL, NULL),
(260, 284, 3, NULL, NULL),
(261, 285, 1, NULL, NULL),
(262, 286, 1, NULL, NULL),
(263, 286, 3, NULL, NULL),
(264, 286, 4, NULL, NULL),
(265, 291, 1, NULL, NULL),
(266, 292, 1, NULL, NULL),
(267, 292, 3, NULL, NULL),
(268, 294, 3, NULL, NULL),
(269, 295, 3, NULL, NULL),
(270, 296, 3, NULL, NULL),
(271, 297, 3, NULL, NULL),
(272, 298, 3, NULL, NULL),
(273, 299, 3, NULL, NULL),
(274, 300, 3, NULL, NULL),
(275, 301, 3, NULL, NULL),
(276, 302, 3, NULL, NULL),
(277, 303, 3, NULL, NULL),
(278, 304, 3, NULL, NULL),
(279, 305, 1, NULL, NULL),
(280, 306, 1, NULL, NULL),
(281, 306, 3, NULL, NULL),
(282, 307, 1, NULL, NULL),
(283, 309, 3, NULL, NULL),
(284, 310, 1, NULL, NULL),
(285, 311, 1, NULL, NULL),
(286, 312, 3, NULL, NULL),
(287, 314, 1, NULL, NULL),
(288, 314, 3, NULL, NULL),
(289, 315, 1, NULL, NULL),
(290, 316, 1, NULL, NULL),
(291, 317, 3, NULL, NULL),
(292, 318, 3, NULL, NULL),
(293, 319, 3, NULL, NULL),
(294, 320, 1, NULL, NULL),
(295, 321, 3, NULL, NULL),
(296, 325, 3, NULL, NULL),
(297, 326, 3, NULL, NULL),
(298, 327, 1, NULL, NULL),
(299, 327, 3, NULL, NULL),
(300, 329, 3, NULL, NULL),
(301, 331, 3, NULL, NULL),
(302, 334, 1, NULL, NULL),
(303, 335, 1, NULL, NULL),
(304, 337, 3, NULL, NULL),
(305, 340, 3, NULL, NULL),
(306, 341, 1, NULL, NULL),
(307, 344, 3, NULL, NULL),
(308, 346, 3, NULL, NULL),
(309, 347, 3, NULL, NULL),
(310, 348, 1, NULL, NULL),
(311, 349, 1, NULL, NULL),
(312, 350, 3, NULL, NULL),
(313, 351, 1, NULL, NULL),
(314, 351, 3, NULL, NULL),
(315, 352, 3, NULL, NULL),
(316, 354, 3, NULL, NULL),
(317, 355, 3, NULL, NULL),
(318, 357, 3, NULL, NULL),
(319, 358, 1, NULL, NULL),
(320, 358, 3, NULL, NULL),
(321, 359, 1, NULL, NULL),
(322, 360, 1, NULL, NULL),
(323, 360, 3, NULL, NULL),
(324, 360, 4, NULL, NULL),
(325, 361, 1, NULL, NULL),
(326, 361, 3, NULL, NULL),
(327, 362, 1, NULL, NULL),
(328, 365, 2, NULL, NULL),
(329, 367, 1, NULL, NULL),
(330, 368, 3, NULL, NULL),
(331, 369, 1, NULL, NULL),
(332, 370, 1, NULL, NULL),
(333, 371, 3, NULL, NULL),
(334, 373, 1, NULL, NULL),
(335, 373, 3, NULL, NULL),
(336, 374, 3, NULL, NULL),
(337, 376, 3, NULL, NULL),
(338, 377, 3, NULL, NULL),
(339, 378, 1, NULL, NULL),
(340, 380, 3, NULL, NULL),
(341, 381, 1, NULL, NULL),
(342, 383, 3, NULL, NULL),
(343, 384, 3, NULL, NULL),
(344, 387, 3, NULL, NULL),
(345, 389, 3, NULL, NULL),
(346, 390, 3, NULL, NULL),
(347, 392, 1, NULL, NULL),
(348, 393, 3, NULL, NULL),
(349, 394, 3, NULL, NULL),
(350, 398, 3, NULL, NULL),
(351, 400, 1, NULL, NULL),
(352, 401, 1, NULL, NULL),
(353, 402, 3, NULL, NULL),
(354, 403, 3, NULL, NULL),
(355, 405, 1, NULL, NULL),
(356, 406, 3, NULL, NULL),
(357, 411, 3, NULL, NULL),
(358, 412, 3, NULL, NULL),
(359, 415, 1, NULL, NULL),
(360, 417, 1, NULL, NULL),
(361, 418, 1, NULL, NULL),
(362, 418, 3, NULL, NULL),
(363, 419, 3, NULL, NULL),
(364, 420, 3, NULL, NULL),
(365, 421, 3, NULL, NULL),
(366, 425, 3, NULL, NULL),
(367, 428, 1, NULL, NULL),
(368, 429, 3, NULL, NULL),
(369, 431, 1, NULL, NULL),
(370, 433, 1, NULL, NULL),
(371, 433, 3, NULL, NULL),
(372, 434, 3, NULL, NULL),
(373, 435, 3, NULL, NULL),
(374, 436, 1, NULL, NULL),
(375, 436, 3, NULL, NULL),
(376, 437, 1, NULL, NULL),
(377, 437, 3, NULL, NULL),
(378, 438, 1, NULL, NULL),
(379, 438, 2, NULL, NULL),
(380, 439, 1, NULL, NULL),
(381, 440, 3, NULL, NULL),
(382, 442, 1, NULL, NULL),
(383, 443, 1, NULL, NULL),
(384, 444, 3, NULL, NULL),
(385, 446, 1, NULL, NULL),
(386, 446, 3, NULL, NULL),
(387, 448, 3, NULL, NULL),
(388, 450, 3, NULL, NULL),
(389, 451, 3, NULL, NULL),
(390, 452, 1, NULL, NULL),
(391, 452, 3, NULL, NULL),
(392, 453, 1, NULL, NULL),
(393, 453, 4, NULL, NULL),
(394, 454, 3, NULL, NULL),
(395, 456, 1, NULL, NULL),
(396, 456, 3, NULL, NULL),
(397, 459, 1, NULL, NULL),
(398, 459, 3, NULL, NULL),
(399, 460, 3, NULL, NULL),
(400, 463, 3, NULL, NULL),
(401, 464, 1, NULL, NULL),
(402, 469, 1, NULL, NULL),
(403, 473, 1, NULL, NULL),
(404, 475, 3, NULL, NULL),
(405, 478, 1, NULL, NULL),
(406, 478, 3, NULL, NULL),
(407, 480, 1, NULL, NULL),
(408, 481, 1, NULL, NULL),
(409, 481, 3, NULL, NULL),
(410, 484, 3, NULL, NULL),
(411, 485, 3, NULL, NULL),
(412, 487, 3, NULL, NULL),
(413, 488, 3, NULL, NULL),
(414, 489, 1, NULL, NULL),
(415, 490, 3, NULL, NULL),
(416, 491, 3, NULL, NULL),
(417, 493, 3, NULL, NULL),
(418, 494, 1, NULL, NULL),
(419, 495, 1, NULL, NULL),
(420, 497, 3, NULL, NULL),
(421, 498, 3, NULL, NULL),
(422, 499, 1, NULL, NULL),
(423, 499, 3, NULL, NULL);

-- --------------------------------------------------------

--
-- Estrutura da tabela `jogo_tema`
--

CREATE TABLE `jogo_tema` (
  `id` bigint(20) UNSIGNED NOT NULL,
  `jogo_id` bigint(20) UNSIGNED NOT NULL,
  `tema_id` bigint(20) UNSIGNED NOT NULL,
  `created_at` timestamp NULL DEFAULT NULL,
  `updated_at` timestamp NULL DEFAULT NULL
) ENGINE=InnoDB DEFAULT CHARSET=utf8mb4 COLLATE=utf8mb4_unicode_ci;

--
-- Extraindo dados da tabela `jogo_tema`
--

INSERT INTO `jogo_tema` (`id`, `jogo_id`, `tema_id`, `created_at`, `updated_at`) VALUES
(1, 1, 3, NULL, NULL),
(2, 1, 8, NULL, NULL),
(3, 1, 10, NULL, NULL),
(4, 2, 3, NULL, NULL),
(5, 2, 6, NULL, NULL),
(6, 2, 10, NULL, NULL),
(7, 3, 3, NULL, NULL),
(8, 3, 6, NULL, NULL),
(9, 3, 10, NULL, NULL),
(10, 4, 2, NULL, NULL),
(11, 4, 3, NULL, NULL),
(12, 4, 8, NULL, NULL),
(13, 5, 2, NULL, NULL),
(14, 5, 3, NULL, NULL),
(15, 5, 8, NULL, NULL),
(16, 6, 3, NULL, NULL),
(17, 6, 10, NULL, NULL),
(18, 7, 3, NULL, NULL),
(19, 7, 4, NULL, NULL),
(20, 7, 5, NULL, NULL),
(21, 7, 7, NULL, NULL),
(22, 8, 2, NULL, NULL),
(23, 8, 3, NULL, NULL),
(24, 8, 4, NULL, NULL),
(25, 9, 2, NULL, NULL),
(26, 9, 3, NULL, NULL),
(27, 9, 4, NULL, NULL),
(28, 10, 2, NULL, NULL),
(29, 10, 3, NULL, NULL),
(30, 10, 6, NULL, NULL),
(31, 10, 7, NULL, NULL),
(32, 10, 10, NULL, NULL),
(33, 11, 2, NULL, NULL),
(34, 11, 3, NULL, NULL),
(35, 11, 4, NULL, NULL),
(36, 11, 6, NULL, NULL),
(37, 11, 9, NULL, NULL),
(38, 12, 2, NULL, NULL),
(39, 12, 3, NULL, NULL),
(40, 13, 3, NULL, NULL),
(41, 13, 7, NULL, NULL),
(42, 14, 1, NULL, NULL),
(43, 14, 2, NULL, NULL),
(44, 14, 3, NULL, NULL),
(45, 14, 4, NULL, NULL),
(46, 15, 3, NULL, NULL),
(47, 15, 8, NULL, NULL),
(48, 15, 10, NULL, NULL),
(49, 16, 2, NULL, NULL),
(50, 16, 3, NULL, NULL),
(51, 17, 3, NULL, NULL),
(52, 17, 5, NULL, NULL),
(53, 18, 3, NULL, NULL),
(54, 18, 7, NULL, NULL),
(55, 18, 10, NULL, NULL),
(56, 19, 3, NULL, NULL),
(57, 19, 10, NULL, NULL),
(58, 20, 3, NULL, NULL),
(59, 20, 6, NULL, NULL),
(60, 21, 3, NULL, NULL),
(61, 21, 5, NULL, NULL),
(62, 21, 7, NULL, NULL),
(63, 21, 10, NULL, NULL),
(64, 22, 3, NULL, NULL),
(65, 22, 5, NULL, NULL),
(66, 22, 6, NULL, NULL),
(67, 22, 9, NULL, NULL),
(68, 22, 10, NULL, NULL),
(69, 23, 3, NULL, NULL),
(70, 23, 6, NULL, NULL),
(71, 24, 2, NULL, NULL),
(72, 24, 3, NULL, NULL),
(73, 25, 3, NULL, NULL),
(74, 25, 6, NULL, NULL),
(75, 26, 3, NULL, NULL),
(76, 26, 6, NULL, NULL),
(77, 27, 2, NULL, NULL),
(78, 27, 3, NULL, NULL),
(79, 27, 5, NULL, NULL),
(80, 27, 10, NULL, NULL),
(81, 28, 2, NULL, NULL),
(82, 28, 3, NULL, NULL),
(83, 28, 8, NULL, NULL),
(84, 29, 3, NULL, NULL),
(85, 29, 4, NULL, NULL),
(86, 29, 5, NULL, NULL),
(87, 29, 9, NULL, NULL),
(88, 30, 2, NULL, NULL),
(89, 30, 3, NULL, NULL),
(90, 30, 6, NULL, NULL),
(91, 30, 9, NULL, NULL),
(92, 31, 2, NULL, NULL),
(93, 31, 3, NULL, NULL),
(94, 31, 4, NULL, NULL),
(95, 31, 5, NULL, NULL),
(96, 32, 2, NULL, NULL),
(97, 32, 3, NULL, NULL),
(98, 32, 5, NULL, NULL),
(99, 32, 10, NULL, NULL),
(100, 33, 3, NULL, NULL),
(101, 34, 1, NULL, NULL),
(102, 34, 3, NULL, NULL),
(103, 35, 2, NULL, NULL),
(104, 35, 3, NULL, NULL),
(105, 35, 6, NULL, NULL),
(106, 35, 7, NULL, NULL),
(107, 35, 10, NULL, NULL),
(108, 36, 2, NULL, NULL),
(109, 36, 3, NULL, NULL),
(110, 36, 6, NULL, NULL),
(111, 36, 7, NULL, NULL),
(112, 36, 10, NULL, NULL),
(113, 37, 5, NULL, NULL),
(114, 37, 6, NULL, NULL),
(115, 37, 10, NULL, NULL),
(116, 38, 2, NULL, NULL),
(117, 38, 3, NULL, NULL),
(118, 38, 10, NULL, NULL),
(119, 39, 3, NULL, NULL),
(120, 39, 10, NULL, NULL),
(121, 40, 3, NULL, NULL),
(122, 41, 3, NULL, NULL),
(123, 41, 6, NULL, NULL),
(124, 42, 3, NULL, NULL),
(125, 42, 10, NULL, NULL),
(126, 43, 3, NULL, NULL),
(127, 43, 6, NULL, NULL),
(128, 43, 10, NULL, NULL),
(129, 44, 2, NULL, NULL),
(130, 44, 3, NULL, NULL),
(131, 44, 6, NULL, NULL),
(132, 44, 7, NULL, NULL),
(133, 44, 10, NULL, NULL),
(134, 45, 3, NULL, NULL),
(135, 45, 7, NULL, NULL),
(136, 46, 3, NULL, NULL),
(137, 47, 3, NULL, NULL),
(138, 47, 6, NULL, NULL),
(139, 48, 2, NULL, NULL),
(140, 48, 3, NULL, NULL),
(141, 48, 5, NULL, NULL),
(142, 48, 10, NULL, NULL),
(143, 49, 3, NULL, NULL),
(144, 49, 4, NULL, NULL),
(145, 49, 5, NULL, NULL),
(146, 50, 3, NULL, NULL),
(147, 50, 6, NULL, NULL),
(148, 51, 2, NULL, NULL),
(149, 51, 3, NULL, NULL),
(150, 51, 5, NULL, NULL),
(151, 51, 7, NULL, NULL),
(152, 52, 3, NULL, NULL),
(153, 52, 10, NULL, NULL),
(154, 53, 3, NULL, NULL),
(155, 54, 6, NULL, NULL),
(156, 54, 8, NULL, NULL),
(157, 54, 9, NULL, NULL),
(158, 55, 3, NULL, NULL),
(159, 55, 4, NULL, NULL),
(160, 56, 2, NULL, NULL),
(161, 56, 3, NULL, NULL),
(162, 56, 4, NULL, NULL),
(163, 56, 9, NULL, NULL),
(164, 57, 3, NULL, NULL),
(165, 57, 6, NULL, NULL),
(166, 58, 2, NULL, NULL),
(167, 58, 6, NULL, NULL),
(168, 59, 2, NULL, NULL),
(169, 59, 3, NULL, NULL),
(170, 59, 6, NULL, NULL),
(171, 59, 7, NULL, NULL),
(172, 59, 10, NULL, NULL),
(173, 60, 3, NULL, NULL),
(174, 60, 7, NULL, NULL),
(175, 61, 6, NULL, NULL),
(176, 62, 3, NULL, NULL),
(177, 62, 4, NULL, NULL),
(178, 62, 6, NULL, NULL),
(179, 63, 1, NULL, NULL),
(180, 63, 3, NULL, NULL),
(181, 64, 3, NULL, NULL),
(182, 64, 6, NULL, NULL),
(183, 64, 7, NULL, NULL),
(184, 64, 10, NULL, NULL),
(185, 65, 2, NULL, NULL),
(186, 66, 3, NULL, NULL),
(187, 67, 3, NULL, NULL),
(188, 67, 6, NULL, NULL),
(189, 67, 10, NULL, NULL),
(190, 68, 3, NULL, NULL),
(191, 68, 6, NULL, NULL),
(192, 68, 8, NULL, NULL),
(193, 68, 10, NULL, NULL),
(194, 69, 3, NULL, NULL),
(195, 69, 6, NULL, NULL),
(196, 70, 3, NULL, NULL),
(197, 70, 6, NULL, NULL),
(198, 70, 10, NULL, NULL),
(199, 71, 3, NULL, NULL),
(200, 72, 2, NULL, NULL),
(201, 72, 3, NULL, NULL),
(202, 72, 4, NULL, NULL),
(203, 72, 5, NULL, NULL),
(204, 73, 3, NULL, NULL),
(205, 74, 2, NULL, NULL),
(206, 74, 6, NULL, NULL),
(207, 75, 2, NULL, NULL),
(208, 75, 3, NULL, NULL),
(209, 75, 8, NULL, NULL),
(210, 76, 2, NULL, NULL),
(211, 76, 3, NULL, NULL),
(212, 76, 6, NULL, NULL),
(213, 76, 7, NULL, NULL),
(214, 77, 3, NULL, NULL),
(215, 77, 4, NULL, NULL),
(216, 77, 5, NULL, NULL),
(217, 78, 3, NULL, NULL),
(218, 78, 6, NULL, NULL),
(219, 79, 3, NULL, NULL),
(220, 79, 5, NULL, NULL),
(221, 79, 6, NULL, NULL),
(222, 79, 7, NULL, NULL),
(223, 79, 9, NULL, NULL),
(224, 80, 1, NULL, NULL),
(225, 80, 3, NULL, NULL),
(226, 80, 6, NULL, NULL),
(227, 81, 3, NULL, NULL),
(228, 82, 3, NULL, NULL),
(229, 82, 7, NULL, NULL),
(230, 82, 9, NULL, NULL),
(231, 82, 10, NULL, NULL),
(232, 83, 3, NULL, NULL),
(233, 83, 4, NULL, NULL),
(234, 83, 5, NULL, NULL),
(235, 83, 6, NULL, NULL),
(236, 83, 10, NULL, NULL),
(237, 84, 2, NULL, NULL),
(238, 84, 6, NULL, NULL),
(239, 86, 3, NULL, NULL),
(240, 86, 6, NULL, NULL),
(241, 86, 9, NULL, NULL),
(242, 86, 10, NULL, NULL),
(243, 87, 3, NULL, NULL),
(244, 87, 4, NULL, NULL),
(245, 87, 5, NULL, NULL),
(246, 87, 7, NULL, NULL),
(247, 87, 10, NULL, NULL),
(248, 88, 3, NULL, NULL),
(249, 88, 6, NULL, NULL),
(250, 89, 3, NULL, NULL),
(251, 89, 6, NULL, NULL),
(252, 89, 7, NULL, NULL),
(253, 89, 10, NULL, NULL),
(254, 90, 1, NULL, NULL),
(255, 90, 3, NULL, NULL),
(256, 90, 6, NULL, NULL),
(257, 90, 9, NULL, NULL),
(258, 92, 2, NULL, NULL),
(259, 92, 3, NULL, NULL),
(260, 92, 7, NULL, NULL),
(261, 93, 2, NULL, NULL),
(262, 94, 3, NULL, NULL),
(263, 94, 6, NULL, NULL),
(264, 95, 2, NULL, NULL),
(265, 95, 3, NULL, NULL),
(266, 95, 4, NULL, NULL),
(267, 96, 3, NULL, NULL),
(268, 96, 6, NULL, NULL),
(269, 96, 7, NULL, NULL),
(270, 96, 10, NULL, NULL),
(271, 97, 6, NULL, NULL),
(272, 98, 2, NULL, NULL),
(273, 98, 3, NULL, NULL),
(274, 98, 6, NULL, NULL),
(275, 99, 1, NULL, NULL),
(276, 99, 2, NULL, NULL),
(277, 99, 3, NULL, NULL),
(278, 100, 3, NULL, NULL),
(279, 101, 1, NULL, NULL),
(280, 101, 9, NULL, NULL),
(281, 102, 3, NULL, NULL),
(282, 102, 10, NULL, NULL),
(283, 103, 3, NULL, NULL),
(284, 103, 6, NULL, NULL),
(285, 104, 2, NULL, NULL),
(286, 104, 3, NULL, NULL),
(287, 104, 7, NULL, NULL),
(288, 104, 10, NULL, NULL),
(289, 105, 3, NULL, NULL),
(290, 105, 6, NULL, NULL),
(291, 106, 3, NULL, NULL),
(292, 107, 1, NULL, NULL),
(293, 107, 3, NULL, NULL),
(294, 108, 8, NULL, NULL),
(295, 109, 6, NULL, NULL),
(296, 110, 3, NULL, NULL),
(297, 110, 6, NULL, NULL),
(298, 111, 1, NULL, NULL),
(299, 111, 3, NULL, NULL),
(300, 111, 10, NULL, NULL),
(301, 112, 2, NULL, NULL),
(302, 112, 3, NULL, NULL),
(303, 112, 4, NULL, NULL),
(304, 112, 5, NULL, NULL),
(305, 113, 2, NULL, NULL),
(306, 113, 3, NULL, NULL),
(307, 114, 3, NULL, NULL),
(308, 114, 9, NULL, NULL),
(309, 114, 10, NULL, NULL),
(310, 115, 2, NULL, NULL),
(311, 115, 3, NULL, NULL),
(312, 116, 3, NULL, NULL),
(313, 116, 6, NULL, NULL),
(314, 117, 3, NULL, NULL),
(315, 117, 4, NULL, NULL),
(316, 117, 5, NULL, NULL),
(317, 118, 3, NULL, NULL),
(318, 119, 3, NULL, NULL),
(319, 119, 6, NULL, NULL),
(320, 120, 4, NULL, NULL),
(321, 120, 5, NULL, NULL),
(322, 120, 9, NULL, NULL),
(323, 121, 2, NULL, NULL),
(324, 121, 3, NULL, NULL),
(325, 122, 3, NULL, NULL),
(326, 122, 4, NULL, NULL),
(327, 122, 6, NULL, NULL),
(328, 123, 3, NULL, NULL),
(329, 124, 3, NULL, NULL),
(330, 124, 8, NULL, NULL),
(331, 125, 1, NULL, NULL),
(332, 125, 3, NULL, NULL),
(333, 126, 3, NULL, NULL),
(334, 127, 1, NULL, NULL),
(335, 127, 3, NULL, NULL),
(336, 127, 4, NULL, NULL),
(337, 128, 3, NULL, NULL),
(338, 128, 6, NULL, NULL),
(339, 128, 10, NULL, NULL),
(340, 129, 3, NULL, NULL),
(341, 129, 6, NULL, NULL),
(342, 129, 7, NULL, NULL),
(343, 130, 3, NULL, NULL),
(344, 132, 3, NULL, NULL),
(345, 132, 7, NULL, NULL),
(346, 132, 10, NULL, NULL),
(347, 133, 1, NULL, NULL),
(348, 133, 2, NULL, NULL),
(349, 133, 3, NULL, NULL),
(350, 133, 4, NULL, NULL),
(351, 134, 3, NULL, NULL),
(352, 134, 7, NULL, NULL),
(353, 135, 2, NULL, NULL),
(354, 135, 3, NULL, NULL),
(355, 135, 7, NULL, NULL),
(356, 136, 2, NULL, NULL),
(357, 136, 6, NULL, NULL),
(358, 137, 3, NULL, NULL),
(359, 137, 6, NULL, NULL),
(360, 138, 3, NULL, NULL),
(361, 139, 3, NULL, NULL),
(362, 139, 4, NULL, NULL),
(363, 139, 5, NULL, NULL),
(364, 140, 2, NULL, NULL),
(365, 140, 3, NULL, NULL),
(366, 141, 3, NULL, NULL),
(367, 141, 4, NULL, NULL),
(368, 141, 5, NULL, NULL),
(369, 141, 9, NULL, NULL),
(370, 142, 3, NULL, NULL),
(371, 143, 6, NULL, NULL),
(372, 143, 10, NULL, NULL),
(373, 144, 3, NULL, NULL),
(374, 144, 6, NULL, NULL),
(375, 144, 7, NULL, NULL),
(376, 144, 10, NULL, NULL),
(377, 145, 3, NULL, NULL),
(378, 145, 6, NULL, NULL),
(379, 145, 9, NULL, NULL),
(380, 146, 2, NULL, NULL),
(381, 146, 3, NULL, NULL),
(382, 147, 1, NULL, NULL),
(383, 147, 2, NULL, NULL),
(384, 147, 3, NULL, NULL),
(385, 147, 4, NULL, NULL),
(386, 147, 5, NULL, NULL),
(387, 147, 7, NULL, NULL),
(388, 148, 2, NULL, NULL),
(389, 148, 3, NULL, NULL),
(390, 149, 3, NULL, NULL),
(391, 149, 6, NULL, NULL),
(392, 150, 3, NULL, NULL),
(393, 151, 3, NULL, NULL),
(394, 151, 4, NULL, NULL),
(395, 151, 5, NULL, NULL),
(396, 151, 7, NULL, NULL),
(397, 151, 10, NULL, NULL),
(398, 152, 3, NULL, NULL),
(399, 152, 6, NULL, NULL),
(400, 153, 3, NULL, NULL),
(401, 154, 3, NULL, NULL),
(402, 154, 6, NULL, NULL),
(403, 156, 2, NULL, NULL),
(404, 156, 3, NULL, NULL),
(405, 157, 3, NULL, NULL),
(406, 158, 3, NULL, NULL),
(407, 158, 8, NULL, NULL),
(408, 159, 3, NULL, NULL),
(409, 159, 4, NULL, NULL),
(410, 159, 5, NULL, NULL),
(411, 160, 3, NULL, NULL),
(412, 160, 7, NULL, NULL),
(413, 160, 10, NULL, NULL),
(414, 161, 3, NULL, NULL),
(415, 162, 3, NULL, NULL),
(416, 162, 5, NULL, NULL),
(417, 162, 6, NULL, NULL),
(418, 162, 10, NULL, NULL),
(419, 163, 3, NULL, NULL),
(420, 164, 3, NULL, NULL),
(421, 164, 4, NULL, NULL),
(422, 164, 5, NULL, NULL),
(423, 165, 3, NULL, NULL),
(424, 165, 6, NULL, NULL),
(425, 166, 3, NULL, NULL),
(426, 166, 4, NULL, NULL),
(427, 166, 6, NULL, NULL),
(428, 166, 10, NULL, NULL),
(429, 167, 3, NULL, NULL),
(430, 167, 5, NULL, NULL),
(431, 167, 6, NULL, NULL),
(432, 167, 7, NULL, NULL),
(433, 168, 2, NULL, NULL),
(434, 168, 5, NULL, NULL),
(435, 168, 8, NULL, NULL),
(436, 169, 6, NULL, NULL),
(437, 169, 10, NULL, NULL),
(438, 170, 2, NULL, NULL),
(439, 170, 3, NULL, NULL),
(440, 171, 9, NULL, NULL),
(441, 172, 3, NULL, NULL),
(442, 172, 6, NULL, NULL),
(443, 173, 2, NULL, NULL),
(444, 173, 3, NULL, NULL),
(445, 173, 7, NULL, NULL),
(446, 174, 1, NULL, NULL),
(447, 174, 2, NULL, NULL),
(448, 175, 3, NULL, NULL),
(449, 175, 6, NULL, NULL),
(450, 176, 2, NULL, NULL),
(451, 176, 3, NULL, NULL),
(452, 177, 3, NULL, NULL),
(453, 177, 6, NULL, NULL),
(454, 178, 2, NULL, NULL),
(455, 178, 3, NULL, NULL),
(456, 178, 6, NULL, NULL),
(457, 178, 7, NULL, NULL),
(458, 178, 10, NULL, NULL),
(459, 179, 3, NULL, NULL),
(460, 179, 6, NULL, NULL),
(461, 180, 3, NULL, NULL),
(462, 181, 3, NULL, NULL),
(463, 181, 8, NULL, NULL),
(464, 182, 6, NULL, NULL),
(465, 183, 3, NULL, NULL),
(466, 183, 8, NULL, NULL),
(467, 183, 10, NULL, NULL),
(468, 184, 2, NULL, NULL),
(469, 184, 3, NULL, NULL),
(470, 184, 4, NULL, NULL),
(471, 184, 5, NULL, NULL),
(472, 184, 10, NULL, NULL),
(473, 185, 3, NULL, NULL),
(474, 185, 6, NULL, NULL),
(475, 185, 10, NULL, NULL),
(476, 186, 3, NULL, NULL),
(477, 186, 4, NULL, NULL),
(478, 186, 5, NULL, NULL),
(479, 186, 6, NULL, NULL),
(480, 187, 3, NULL, NULL),
(481, 187, 6, NULL, NULL),
(482, 188, 3, NULL, NULL),
(483, 188, 4, NULL, NULL),
(484, 188, 5, NULL, NULL),
(485, 189, 3, NULL, NULL),
(486, 189, 6, NULL, NULL),
(487, 190, 4, NULL, NULL),
(488, 190, 5, NULL, NULL),
(489, 191, 2, NULL, NULL),
(490, 191, 3, NULL, NULL),
(491, 192, 1, NULL, NULL),
(492, 192, 3, NULL, NULL),
(493, 192, 5, NULL, NULL),
(494, 192, 7, NULL, NULL),
(495, 193, 3, NULL, NULL),
(496, 193, 4, NULL, NULL),
(497, 193, 5, NULL, NULL),
(498, 193, 7, NULL, NULL),
(499, 194, 1, NULL, NULL),
(500, 194, 2, NULL, NULL),
(501, 194, 3, NULL, NULL),
(502, 194, 9, NULL, NULL),
(503, 195, 3, NULL, NULL),
(504, 195, 8, NULL, NULL),
(505, 196, 3, NULL, NULL),
(506, 196, 7, NULL, NULL),
(507, 197, 3, NULL, NULL),
(508, 197, 10, NULL, NULL),
(509, 198, 6, NULL, NULL),
(510, 199, 3, NULL, NULL),
(511, 199, 7, NULL, NULL),
(512, 200, 3, NULL, NULL),
(513, 200, 5, NULL, NULL),
(514, 201, 3, NULL, NULL),
(515, 202, 2, NULL, NULL),
(516, 202, 3, NULL, NULL),
(517, 203, 2, NULL, NULL),
(518, 203, 3, NULL, NULL),
(519, 204, 3, NULL, NULL),
(520, 205, 1, NULL, NULL),
(521, 205, 3, NULL, NULL),
(522, 205, 4, NULL, NULL),
(523, 205, 6, NULL, NULL),
(524, 206, 2, NULL, NULL),
(525, 206, 3, NULL, NULL),
(526, 207, 2, NULL, NULL),
(527, 207, 3, NULL, NULL),
(528, 207, 7, NULL, NULL),
(529, 208, 3, NULL, NULL),
(530, 208, 6, NULL, NULL),
(531, 209, 2, NULL, NULL),
(532, 209, 3, NULL, NULL),
(533, 209, 4, NULL, NULL),
(534, 209, 5, NULL, NULL),
(535, 209, 7, NULL, NULL),
(536, 210, 3, NULL, NULL),
(537, 210, 10, NULL, NULL),
(538, 211, 2, NULL, NULL),
(539, 211, 3, NULL, NULL),
(540, 212, 2, NULL, NULL),
(541, 212, 3, NULL, NULL),
(542, 213, 10, NULL, NULL),
(543, 214, 3, NULL, NULL),
(544, 214, 6, NULL, NULL),
(545, 214, 7, NULL, NULL),
(546, 215, 2, NULL, NULL),
(547, 215, 3, NULL, NULL),
(548, 216, 2, NULL, NULL),
(549, 216, 5, NULL, NULL),
(550, 217, 3, NULL, NULL),
(551, 217, 6, NULL, NULL),
(552, 217, 8, NULL, NULL),
(553, 218, 6, NULL, NULL),
(554, 219, 3, NULL, NULL),
(555, 219, 7, NULL, NULL),
(556, 220, 2, NULL, NULL),
(557, 220, 3, NULL, NULL),
(558, 220, 7, NULL, NULL),
(559, 220, 10, NULL, NULL),
(560, 221, 9, NULL, NULL),
(561, 222, 2, NULL, NULL),
(562, 222, 3, NULL, NULL),
(563, 222, 5, NULL, NULL),
(564, 222, 6, NULL, NULL),
(565, 223, 3, NULL, NULL),
(566, 223, 10, NULL, NULL),
(567, 224, 3, NULL, NULL),
(568, 226, 2, NULL, NULL),
(569, 226, 3, NULL, NULL),
(570, 227, 3, NULL, NULL),
(571, 227, 4, NULL, NULL),
(572, 228, 2, NULL, NULL),
(573, 228, 3, NULL, NULL),
(574, 229, 2, NULL, NULL),
(575, 229, 3, NULL, NULL),
(576, 229, 6, NULL, NULL),
(577, 230, 2, NULL, NULL),
(578, 230, 3, NULL, NULL),
(579, 230, 8, NULL, NULL),
(580, 231, 3, NULL, NULL),
(581, 231, 8, NULL, NULL),
(582, 232, 3, NULL, NULL),
(583, 233, 2, NULL, NULL),
(584, 233, 3, NULL, NULL),
(585, 234, 2, NULL, NULL),
(586, 234, 3, NULL, NULL),
(587, 235, 2, NULL, NULL),
(588, 235, 3, NULL, NULL),
(589, 236, 3, NULL, NULL),
(590, 237, 3, NULL, NULL),
(591, 237, 10, NULL, NULL),
(592, 238, 2, NULL, NULL),
(593, 238, 3, NULL, NULL),
(594, 239, 3, NULL, NULL),
(595, 239, 7, NULL, NULL),
(596, 239, 10, NULL, NULL),
(597, 240, 1, NULL, NULL),
(598, 240, 6, NULL, NULL),
(599, 241, 3, NULL, NULL),
(600, 242, 3, NULL, NULL),
(601, 242, 4, NULL, NULL),
(602, 242, 5, NULL, NULL),
(603, 243, 3, NULL, NULL),
(604, 243, 7, NULL, NULL),
(605, 244, 2, NULL, NULL),
(606, 244, 3, NULL, NULL),
(607, 244, 8, NULL, NULL),
(608, 244, 10, NULL, NULL),
(609, 245, 3, NULL, NULL),
(610, 245, 4, NULL, NULL),
(611, 245, 5, NULL, NULL),
(612, 246, 2, NULL, NULL),
(613, 246, 3, NULL, NULL),
(614, 246, 4, NULL, NULL),
(615, 247, 3, NULL, NULL),
(616, 247, 4, NULL, NULL),
(617, 247, 6, NULL, NULL),
(618, 248, 3, NULL, NULL),
(619, 249, 2, NULL, NULL),
(620, 249, 3, NULL, NULL),
(621, 249, 4, NULL, NULL),
(622, 250, 3, NULL, NULL),
(623, 250, 7, NULL, NULL),
(624, 251, 2, NULL, NULL),
(625, 251, 3, NULL, NULL),
(626, 251, 6, NULL, NULL),
(627, 252, 3, NULL, NULL),
(628, 253, 3, NULL, NULL),
(629, 253, 6, NULL, NULL),
(630, 253, 10, NULL, NULL),
(631, 254, 3, NULL, NULL),
(632, 254, 8, NULL, NULL),
(633, 255, 3, NULL, NULL),
(634, 255, 10, NULL, NULL),
(635, 256, 3, NULL, NULL),
(636, 257, 8, NULL, NULL),
(637, 258, 2, NULL, NULL),
(638, 258, 3, NULL, NULL),
(639, 258, 6, NULL, NULL),
(640, 258, 7, NULL, NULL),
(641, 259, 3, NULL, NULL),
(642, 259, 6, NULL, NULL),
(643, 259, 8, NULL, NULL),
(644, 260, 2, NULL, NULL),
(645, 260, 3, NULL, NULL),
(646, 260, 4, NULL, NULL),
(647, 261, 3, NULL, NULL),
(648, 263, 6, NULL, NULL),
(649, 264, 3, NULL, NULL),
(650, 265, 2, NULL, NULL),
(651, 265, 3, NULL, NULL),
(652, 265, 6, NULL, NULL),
(653, 265, 10, NULL, NULL),
(654, 266, 8, NULL, NULL),
(655, 267, 2, NULL, NULL),
(656, 267, 3, NULL, NULL),
(657, 268, 3, NULL, NULL),
(658, 268, 10, NULL, NULL),
(659, 269, 3, NULL, NULL),
(660, 269, 10, NULL, NULL),
(661, 270, 2, NULL, NULL),
(662, 270, 3, NULL, NULL),
(663, 270, 4, NULL, NULL),
(664, 271, 3, NULL, NULL),
(665, 271, 6, NULL, NULL),
(666, 272, 3, NULL, NULL),
(667, 273, 3, NULL, NULL),
(668, 273, 4, NULL, NULL),
(669, 273, 5, NULL, NULL),
(670, 275, 2, NULL, NULL),
(671, 275, 6, NULL, NULL),
(672, 275, 10, NULL, NULL),
(673, 276, 3, NULL, NULL),
(674, 276, 6, NULL, NULL),
(675, 276, 10, NULL, NULL),
(676, 277, 2, NULL, NULL),
(677, 277, 3, NULL, NULL),
(678, 277, 4, NULL, NULL),
(679, 278, 3, NULL, NULL),
(680, 278, 5, NULL, NULL),
(681, 278, 8, NULL, NULL),
(682, 279, 3, NULL, NULL),
(683, 279, 4, NULL, NULL),
(684, 279, 5, NULL, NULL),
(685, 279, 6, NULL, NULL),
(686, 279, 10, NULL, NULL),
(687, 280, 3, NULL, NULL),
(688, 280, 6, NULL, NULL),
(689, 281, 2, NULL, NULL),
(690, 281, 3, NULL, NULL),
(691, 281, 6, NULL, NULL),
(692, 282, 3, NULL, NULL),
(693, 283, 6, NULL, NULL),
(694, 284, 3, NULL, NULL),
(695, 284, 10, NULL, NULL),
(696, 285, 2, NULL, NULL),
(697, 285, 10, NULL, NULL),
(698, 286, 2, NULL, NULL),
(699, 286, 3, NULL, NULL),
(700, 286, 5, NULL, NULL),
(701, 286, 10, NULL, NULL),
(702, 287, 6, NULL, NULL),
(703, 287, 10, NULL, NULL),
(704, 288, 6, NULL, NULL),
(705, 288, 10, NULL, NULL),
(706, 289, 3, NULL, NULL),
(707, 290, 3, NULL, NULL),
(708, 291, 2, NULL, NULL),
(709, 291, 3, NULL, NULL),
(710, 292, 2, NULL, NULL),
(711, 292, 3, NULL, NULL),
(712, 293, 8, NULL, NULL),
(713, 294, 3, NULL, NULL),
(714, 294, 4, NULL, NULL),
(715, 294, 5, NULL, NULL),
(716, 295, 2, NULL, NULL),
(717, 295, 3, NULL, NULL),
(718, 295, 6, NULL, NULL),
(719, 296, 6, NULL, NULL),
(720, 296, 9, NULL, NULL),
(721, 297, 3, NULL, NULL),
(722, 297, 10, NULL, NULL),
(723, 298, 3, NULL, NULL),
(724, 299, 3, NULL, NULL),
(725, 299, 6, NULL, NULL),
(726, 299, 7, NULL, NULL),
(727, 299, 10, NULL, NULL),
(728, 300, 3, NULL, NULL),
(729, 300, 5, NULL, NULL),
(730, 301, 2, NULL, NULL),
(731, 301, 3, NULL, NULL),
(732, 301, 5, NULL, NULL),
(733, 302, 3, NULL, NULL),
(734, 302, 4, NULL, NULL),
(735, 302, 5, NULL, NULL),
(736, 303, 2, NULL, NULL),
(737, 303, 3, NULL, NULL),
(738, 303, 6, NULL, NULL),
(739, 303, 8, NULL, NULL),
(740, 304, 3, NULL, NULL),
(741, 304, 9, NULL, NULL),
(742, 304, 10, NULL, NULL),
(743, 305, 2, NULL, NULL),
(744, 305, 3, NULL, NULL),
(745, 305, 8, NULL, NULL),
(746, 306, 2, NULL, NULL),
(747, 306, 3, NULL, NULL),
(748, 307, 2, NULL, NULL),
(749, 307, 3, NULL, NULL),
(750, 307, 6, NULL, NULL),
(751, 307, 9, NULL, NULL),
(752, 308, 6, NULL, NULL),
(753, 309, 3, NULL, NULL),
(754, 309, 4, NULL, NULL),
(755, 309, 6, NULL, NULL),
(756, 310, 3, NULL, NULL),
(757, 310, 4, NULL, NULL),
(758, 310, 5, NULL, NULL),
(759, 311, 2, NULL, NULL),
(760, 311, 3, NULL, NULL),
(761, 311, 4, NULL, NULL),
(762, 311, 6, NULL, NULL),
(763, 312, 3, NULL, NULL),
(764, 313, 3, NULL, NULL),
(765, 313, 6, NULL, NULL),
(766, 314, 2, NULL, NULL),
(767, 314, 3, NULL, NULL),
(768, 315, 2, NULL, NULL),
(769, 315, 10, NULL, NULL),
(770, 316, 3, NULL, NULL),
(771, 317, 3, NULL, NULL),
(772, 318, 3, NULL, NULL),
(773, 318, 6, NULL, NULL),
(774, 319, 3, NULL, NULL),
(775, 319, 5, NULL, NULL),
(776, 319, 6, NULL, NULL),
(777, 319, 10, NULL, NULL),
(778, 320, 3, NULL, NULL),
(779, 320, 7, NULL, NULL),
(780, 321, 2, NULL, NULL),
(781, 321, 3, NULL, NULL),
(782, 322, 2, NULL, NULL),
(783, 323, 6, NULL, NULL),
(784, 324, 2, NULL, NULL),
(785, 324, 9, NULL, NULL),
(786, 325, 3, NULL, NULL),
(787, 325, 6, NULL, NULL),
(788, 326, 2, NULL, NULL),
(789, 326, 3, NULL, NULL),
(790, 327, 3, NULL, NULL),
(791, 327, 5, NULL, NULL),
(792, 327, 10, NULL, NULL),
(793, 328, 6, NULL, NULL),
(794, 328, 10, NULL, NULL),
(795, 329, 2, NULL, NULL),
(796, 329, 3, NULL, NULL),
(797, 329, 8, NULL, NULL),
(798, 330, 1, NULL, NULL),
(799, 330, 2, NULL, NULL),
(800, 330, 4, NULL, NULL),
(801, 331, 2, NULL, NULL),
(802, 331, 3, NULL, NULL),
(803, 331, 7, NULL, NULL),
(804, 332, 6, NULL, NULL),
(805, 333, 6, NULL, NULL),
(806, 334, 2, NULL, NULL),
(807, 334, 3, NULL, NULL),
(808, 334, 4, NULL, NULL),
(809, 334, 5, NULL, NULL),
(810, 335, 3, NULL, NULL),
(811, 336, 2, NULL, NULL),
(812, 336, 3, NULL, NULL),
(813, 336, 6, NULL, NULL),
(814, 337, 3, NULL, NULL),
(815, 338, 1, NULL, NULL),
(816, 338, 3, NULL, NULL),
(817, 338, 6, NULL, NULL),
(818, 338, 8, NULL, NULL),
(819, 339, 3, NULL, NULL),
(820, 339, 6, NULL, NULL),
(821, 339, 8, NULL, NULL),
(822, 340, 4, NULL, NULL),
(823, 340, 5, NULL, NULL),
(824, 340, 6, NULL, NULL),
(825, 341, 2, NULL, NULL),
(826, 341, 3, NULL, NULL),
(827, 342, 2, NULL, NULL),
(828, 342, 3, NULL, NULL),
(829, 343, 8, NULL, NULL),
(830, 344, 3, NULL, NULL),
(831, 344, 4, NULL, NULL),
(832, 344, 6, NULL, NULL),
(833, 345, 3, NULL, NULL),
(834, 346, 4, NULL, NULL),
(835, 346, 5, NULL, NULL),
(836, 347, 3, NULL, NULL),
(837, 348, 3, NULL, NULL),
(838, 349, 2, NULL, NULL),
(839, 349, 3, NULL, NULL),
(840, 350, 1, NULL, NULL),
(841, 350, 9, NULL, NULL),
(842, 351, 3, NULL, NULL),
(843, 351, 7, NULL, NULL),
(844, 352, 2, NULL, NULL),
(845, 352, 3, NULL, NULL),
(846, 352, 6, NULL, NULL),
(847, 352, 9, NULL, NULL),
(848, 353, 3, NULL, NULL),
(849, 354, 2, NULL, NULL),
(850, 354, 3, NULL, NULL),
(851, 354, 7, NULL, NULL),
(852, 354, 10, NULL, NULL),
(853, 355, 2, NULL, NULL),
(854, 355, 3, NULL, NULL),
(855, 355, 4, NULL, NULL),
(856, 355, 5, NULL, NULL),
(857, 356, 2, NULL, NULL),
(858, 357, 3, NULL, NULL),
(859, 358, 3, NULL, NULL),
(860, 358, 10, NULL, NULL),
(861, 359, 2, NULL, NULL),
(862, 359, 3, NULL, NULL),
(863, 359, 7, NULL, NULL),
(864, 360, 2, NULL, NULL),
(865, 360, 3, NULL, NULL),
(866, 361, 2, NULL, NULL),
(867, 361, 3, NULL, NULL),
(868, 361, 7, NULL, NULL),
(869, 362, 3, NULL, NULL),
(870, 362, 4, NULL, NULL),
(871, 362, 5, NULL, NULL),
(872, 363, 1, NULL, NULL),
(873, 363, 4, NULL, NULL),
(874, 363, 6, NULL, NULL),
(875, 364, 2, NULL, NULL),
(876, 364, 6, NULL, NULL),
(877, 365, 4, NULL, NULL),
(878, 366, 2, NULL, NULL),
(879, 366, 3, NULL, NULL),
(880, 367, 2, NULL, NULL),
(881, 367, 3, NULL, NULL),
(882, 367, 8, NULL, NULL),
(883, 368, 3, NULL, NULL),
(884, 369, 1, NULL, NULL),
(885, 369, 4, NULL, NULL),
(886, 370, 2, NULL, NULL),
(887, 370, 3, NULL, NULL),
(888, 371, 3, NULL, NULL),
(889, 371, 5, NULL, NULL),
(890, 372, 2, NULL, NULL),
(891, 372, 6, NULL, NULL),
(892, 373, 3, NULL, NULL),
(893, 374, 3, NULL, NULL),
(894, 374, 4, NULL, NULL),
(895, 374, 5, NULL, NULL),
(896, 375, 3, NULL, NULL),
(897, 375, 6, NULL, NULL),
(898, 376, 3, NULL, NULL),
(899, 376, 6, NULL, NULL),
(900, 376, 8, NULL, NULL),
(901, 377, 3, NULL, NULL),
(902, 377, 10, NULL, NULL),
(903, 378, 2, NULL, NULL),
(904, 378, 3, NULL, NULL),
(905, 378, 8, NULL, NULL),
(906, 379, 6, NULL, NULL),
(907, 380, 3, NULL, NULL),
(908, 381, 3, NULL, NULL),
(909, 381, 7, NULL, NULL),
(910, 382, 3, NULL, NULL),
(911, 383, 3, NULL, NULL),
(912, 384, 3, NULL, NULL),
(913, 385, 6, NULL, NULL),
(914, 385, 9, NULL, NULL),
(915, 386, 2, NULL, NULL),
(916, 388, 2, NULL, NULL),
(917, 389, 3, NULL, NULL),
(918, 389, 6, NULL, NULL),
(919, 389, 10, NULL, NULL),
(920, 390, 3, NULL, NULL),
(921, 390, 6, NULL, NULL),
(922, 390, 7, NULL, NULL),
(923, 391, 5, NULL, NULL),
(924, 391, 7, NULL, NULL),
(925, 391, 9, NULL, NULL),
(926, 392, 2, NULL, NULL),
(927, 392, 3, NULL, NULL),
(928, 393, 3, NULL, NULL),
(929, 393, 5, NULL, NULL),
(930, 393, 10, NULL, NULL),
(931, 394, 3, NULL, NULL),
(932, 394, 10, NULL, NULL),
(933, 395, 3, NULL, NULL),
(934, 395, 4, NULL, NULL),
(935, 395, 5, NULL, NULL),
(936, 395, 6, NULL, NULL),
(937, 395, 10, NULL, NULL),
(938, 396, 3, NULL, NULL),
(939, 396, 7, NULL, NULL),
(940, 397, 3, NULL, NULL),
(941, 397, 4, NULL, NULL),
(942, 397, 6, NULL, NULL),
(943, 398, 3, NULL, NULL),
(944, 398, 4, NULL, NULL),
(945, 399, 3, NULL, NULL),
(946, 399, 4, NULL, NULL),
(947, 399, 8, NULL, NULL),
(948, 399, 9, NULL, NULL),
(949, 400, 2, NULL, NULL),
(950, 400, 3, NULL, NULL),
(951, 400, 4, NULL, NULL),
(952, 400, 8, NULL, NULL),
(953, 402, 3, NULL, NULL),
(954, 403, 2, NULL, NULL),
(955, 403, 3, NULL, NULL),
(956, 403, 4, NULL, NULL),
(957, 403, 5, NULL, NULL),
(958, 404, 3, NULL, NULL),
(959, 404, 6, NULL, NULL),
(960, 405, 3, NULL, NULL),
(961, 406, 3, NULL, NULL),
(962, 406, 7, NULL, NULL),
(963, 407, 3, NULL, NULL),
(964, 408, 4, NULL, NULL),
(965, 408, 6, NULL, NULL),
(966, 409, 3, NULL, NULL),
(967, 409, 6, NULL, NULL),
(968, 410, 2, NULL, NULL),
(969, 411, 3, NULL, NULL),
(970, 411, 6, NULL, NULL),
(971, 411, 10, NULL, NULL),
(972, 412, 3, NULL, NULL),
(973, 412, 7, NULL, NULL),
(974, 413, 2, NULL, NULL),
(975, 413, 6, NULL, NULL),
(976, 413, 8, NULL, NULL),
(977, 414, 3, NULL, NULL),
(978, 414, 6, NULL, NULL),
(979, 414, 8, NULL, NULL),
(980, 414, 9, NULL, NULL),
(981, 415, 3, NULL, NULL),
(982, 416, 6, NULL, NULL),
(983, 417, 3, NULL, NULL),
(984, 417, 7, NULL, NULL),
(985, 418, 3, NULL, NULL),
(986, 418, 6, NULL, NULL),
(987, 418, 10, NULL, NULL),
(988, 419, 2, NULL, NULL),
(989, 419, 3, NULL, NULL),
(990, 420, 2, NULL, NULL),
(991, 420, 3, NULL, NULL),
(992, 420, 8, NULL, NULL),
(993, 421, 3, NULL, NULL),
(994, 422, 3, NULL, NULL),
(995, 422, 6, NULL, NULL),
(996, 423, 3, NULL, NULL),
(997, 423, 6, NULL, NULL),
(998, 424, 2, NULL, NULL),
(999, 424, 3, NULL, NULL),
(1000, 424, 8, NULL, NULL),
(1001, 425, 3, NULL, NULL),
(1002, 426, 3, NULL, NULL),
(1003, 426, 6, NULL, NULL),
(1004, 427, 3, NULL, NULL),
(1005, 427, 6, NULL, NULL),
(1006, 427, 8, NULL, NULL),
(1007, 428, 2, NULL, NULL),
(1008, 428, 3, NULL, NULL),
(1009, 428, 4, NULL, NULL),
(1010, 428, 5, NULL, NULL),
(1011, 429, 3, NULL, NULL),
(1012, 429, 6, NULL, NULL),
(1013, 430, 3, NULL, NULL),
(1014, 431, 2, NULL, NULL),
(1015, 431, 3, NULL, NULL),
(1016, 431, 6, NULL, NULL),
(1017, 432, 3, NULL, NULL),
(1018, 432, 6, NULL, NULL),
(1019, 432, 8, NULL, NULL),
(1020, 434, 2, NULL, NULL),
(1021, 434, 3, NULL, NULL),
(1022, 434, 8, NULL, NULL),
(1023, 434, 10, NULL, NULL),
(1024, 435, 3, NULL, NULL),
(1025, 435, 8, NULL, NULL),
(1026, 436, 2, NULL, NULL),
(1027, 436, 3, NULL, NULL),
(1028, 437, 3, NULL, NULL),
(1029, 437, 6, NULL, NULL),
(1030, 437, 10, NULL, NULL),
(1031, 438, 6, NULL, NULL),
(1032, 438, 8, NULL, NULL),
(1033, 438, 9, NULL, NULL),
(1034, 440, 2, NULL, NULL),
(1035, 440, 3, NULL, NULL),
(1036, 440, 4, NULL, NULL),
(1037, 442, 3, NULL, NULL),
(1038, 442, 4, NULL, NULL),
(1039, 443, 2, NULL, NULL),
(1040, 443, 3, NULL, NULL),
(1041, 443, 4, NULL, NULL),
(1042, 443, 5, NULL, NULL),
(1043, 444, 2, NULL, NULL),
(1044, 444, 3, NULL, NULL),
(1045, 445, 6, NULL, NULL),
(1046, 445, 9, NULL, NULL),
(1047, 446, 2, NULL, NULL),
(1048, 446, 3, NULL, NULL),
(1049, 448, 3, NULL, NULL),
(1050, 448, 6, NULL, NULL),
(1051, 448, 9, NULL, NULL),
(1052, 449, 8, NULL, NULL),
(1053, 450, 3, NULL, NULL),
(1054, 450, 6, NULL, NULL),
(1055, 450, 8, NULL, NULL),
(1056, 451, 3, NULL, NULL),
(1057, 451, 6, NULL, NULL),
(1058, 451, 10, NULL, NULL),
(1059, 452, 2, NULL, NULL),
(1060, 452, 3, NULL, NULL),
(1061, 453, 2, NULL, NULL),
(1062, 453, 5, NULL, NULL),
(1063, 453, 10, NULL, NULL),
(1064, 454, 2, NULL, NULL),
(1065, 454, 3, NULL, NULL),
(1066, 455, 2, NULL, NULL),
(1067, 455, 3, NULL, NULL),
(1068, 455, 6, NULL, NULL),
(1069, 456, 3, NULL, NULL),
(1070, 456, 7, NULL, NULL),
(1071, 457, 8, NULL, NULL),
(1072, 458, 3, NULL, NULL),
(1073, 458, 6, NULL, NULL),
(1074, 459, 2, NULL, NULL),
(1075, 459, 10, NULL, NULL),
(1076, 460, 6, NULL, NULL),
(1077, 460, 8, NULL, NULL),
(1078, 460, 9, NULL, NULL),
(1079, 460, 10, NULL, NULL),
(1080, 461, 2, NULL, NULL),
(1081, 461, 3, NULL, NULL),
(1082, 462, 3, NULL, NULL),
(1083, 462, 8, NULL, NULL),
(1084, 463, 3, NULL, NULL),
(1085, 463, 6, NULL, NULL),
(1086, 464, 2, NULL, NULL),
(1087, 464, 3, NULL, NULL),
(1088, 465, 3, NULL, NULL),
(1089, 465, 4, NULL, NULL),
(1090, 466, 3, NULL, NULL),
(1091, 466, 8, NULL, NULL),
(1092, 467, 6, NULL, NULL),
(1093, 468, 3, NULL, NULL),
(1094, 468, 6, NULL, NULL),
(1095, 469, 3, NULL, NULL),
(1096, 469, 7, NULL, NULL),
(1097, 470, 3, NULL, NULL),
(1098, 471, 6, NULL, NULL),
(1099, 472, 3, NULL, NULL),
(1100, 472, 6, NULL, NULL),
(1101, 473, 3, NULL, NULL),
(1102, 473, 6, NULL, NULL),
(1103, 473, 8, NULL, NULL),
(1104, 474, 3, NULL, NULL),
(1105, 475, 3, NULL, NULL),
(1106, 475, 6, NULL, NULL),
(1107, 478, 3, NULL, NULL),
(1108, 478, 7, NULL, NULL),
(1109, 479, 6, NULL, NULL),
(1110, 479, 8, NULL, NULL),
(1111, 481, 3, NULL, NULL),
(1112, 481, 4, NULL, NULL),
(1113, 482, 6, NULL, NULL),
(1114, 483, 2, NULL, NULL),
(1115, 483, 3, NULL, NULL),
(1116, 483, 6, NULL, NULL),
(1117, 484, 3, NULL, NULL),
(1118, 484, 6, NULL, NULL),
(1119, 485, 3, NULL, NULL),
(1120, 485, 6, NULL, NULL),
(1121, 486, 3, NULL, NULL),
(1122, 486, 8, NULL, NULL),
(1123, 487, 3, NULL, NULL),
(1124, 488, 3, NULL, NULL),
(1125, 488, 8, NULL, NULL),
(1126, 488, 10, NULL, NULL),
(1127, 489, 3, NULL, NULL),
(1128, 489, 4, NULL, NULL),
(1129, 490, 3, NULL, NULL),
(1130, 490, 10, NULL, NULL),
(1131, 491, 2, NULL, NULL),
(1132, 491, 3, NULL, NULL),
(1133, 491, 6, NULL, NULL),
(1134, 492, 3, NULL, NULL),
(1135, 492, 6, NULL, NULL),
(1136, 493, 3, NULL, NULL),
(1137, 493, 4, NULL, NULL),
(1138, 493, 6, NULL, NULL),
(1139, 495, 2, NULL, NULL),
(1140, 495, 3, NULL, NULL),
(1141, 495, 4, NULL, NULL),
(1142, 496, 8, NULL, NULL),
(1143, 497, 2, NULL, NULL),
(1144, 497, 3, NULL, NULL),
(1145, 497, 7, NULL, NULL),
(1146, 498, 3, NULL, NULL),
(1147, 498, 7, NULL, NULL),
(1148, 499, 3, NULL, NULL),
(1149, 499, 7, NULL, NULL),
(1150, 500, 6, NULL, NULL);

-- --------------------------------------------------------

--
-- Estrutura da tabela `migrations`
--

CREATE TABLE `migrations` (
  `id` int(10) UNSIGNED NOT NULL,
  `migration` varchar(255) COLLATE utf8mb4_unicode_ci NOT NULL,
  `batch` int(11) NOT NULL
) ENGINE=InnoDB DEFAULT CHARSET=utf8mb4 COLLATE=utf8mb4_unicode_ci;

--
-- Extraindo dados da tabela `migrations`
--

INSERT INTO `migrations` (`id`, `migration`, `batch`) VALUES
(136, '2014_10_12_000000_create_users_table', 1),
(137, '2019_08_19_000000_create_failed_jobs_table', 1),
(138, '2021_03_08_234653_create_jogos_table', 1),
(139, '2021_03_08_235403_create_generos_table', 1),
(140, '2021_03_08_235430_create_modos_table', 1),
(141, '2021_03_08_235718_create_temas_table', 1),
(142, '2021_03_09_000030_create_perspectivas_table', 1),
(143, '2021_04_04_001131_create_jogo_genero_table', 1),
(144, '2021_04_04_001213_create_jogo_modo_table', 1),
(145, '2021_04_04_001237_create_jogo_tema_table', 1),
(146, '2021_04_04_001259_create_jogo_perspectiva_table', 1),
(147, '2021_04_04_001730_create_genero_user_table', 1),
(148, '2021_04_04_001845_create_modo_user_table', 1),
(149, '2021_04_04_001852_create_tema_user_table', 1),
(150, '2021_04_04_001900_create_perspectiva_user_table', 1);

-- --------------------------------------------------------

--
-- Estrutura da tabela `modos`
--

CREATE TABLE `modos` (
  `id` bigint(20) UNSIGNED NOT NULL,
  `igdb` varchar(255) COLLATE utf8mb4_unicode_ci NOT NULL,
  `nome` varchar(255) COLLATE utf8mb4_unicode_ci NOT NULL,
  `created_at` timestamp NULL DEFAULT NULL,
  `updated_at` timestamp NULL DEFAULT NULL
) ENGINE=InnoDB DEFAULT CHARSET=utf8mb4 COLLATE=utf8mb4_unicode_ci;

--
-- Extraindo dados da tabela `modos`
--

INSERT INTO `modos` (`id`, `igdb`, `nome`, `created_at`, `updated_at`) VALUES
(1, '1', 'Um jogador', '2021-04-04 07:23:39', '2021-04-04 07:23:39'),
(2, '2', 'Multijogador', '2021-04-04 07:23:39', '2021-04-04 07:23:39'),
(3, '3', 'Cooperativo', '2021-04-04 07:23:39', '2021-04-04 07:23:39'),
(4, '4', 'Tela Dividida', '2021-04-04 07:23:39', '2021-04-04 07:23:39'),
(5, '5', 'MMO', '2021-04-04 07:23:39', '2021-04-04 07:23:39'),
(6, '6', 'Battle Royale', '2021-04-04 07:23:39', '2021-04-04 07:23:39');

-- --------------------------------------------------------

--
-- Estrutura da tabela `modo_user`
--

CREATE TABLE `modo_user` (
  `id` bigint(20) UNSIGNED NOT NULL,
  `modo_id` bigint(20) UNSIGNED NOT NULL,
  `user_id` bigint(20) UNSIGNED NOT NULL,
  `relevancia` int(11) NOT NULL DEFAULT 0,
  `created_at` timestamp NULL DEFAULT NULL,
  `updated_at` timestamp NULL DEFAULT NULL
) ENGINE=InnoDB DEFAULT CHARSET=utf8mb4 COLLATE=utf8mb4_unicode_ci;

--
-- Extraindo dados da tabela `modo_user`
--

INSERT INTO `modo_user` (`id`, `modo_id`, `user_id`, `relevancia`, `created_at`, `updated_at`) VALUES
(1, 2, 1, -5, NULL, NULL),
(2, 1, 1, -5, NULL, NULL),
(3, 1, 2, 2, NULL, NULL);

-- --------------------------------------------------------

--
-- Estrutura da tabela `perspectivas`
--

CREATE TABLE `perspectivas` (
  `id` bigint(20) UNSIGNED NOT NULL,
  `igdb` varchar(255) COLLATE utf8mb4_unicode_ci NOT NULL,
  `nome` varchar(255) COLLATE utf8mb4_unicode_ci NOT NULL,
  `created_at` timestamp NULL DEFAULT NULL,
  `updated_at` timestamp NULL DEFAULT NULL
) ENGINE=InnoDB DEFAULT CHARSET=utf8mb4 COLLATE=utf8mb4_unicode_ci;

--
-- Extraindo dados da tabela `perspectivas`
--

INSERT INTO `perspectivas` (`id`, `igdb`, `nome`, `created_at`, `updated_at`) VALUES
(1, '1', 'Primeira Pessoa', '2021-04-04 07:23:39', '2021-04-04 07:23:39'),
(2, '5', 'Texto', '2021-04-04 07:23:39', '2021-04-04 07:23:39'),
(3, '2', 'Terceira Pessoa', '2021-04-04 07:23:39', '2021-04-04 07:23:39'),
(4, '7', 'VR', '2021-04-04 07:23:39', '2021-04-04 07:23:39');

-- --------------------------------------------------------

--
-- Estrutura da tabela `perspectiva_user`
--

CREATE TABLE `perspectiva_user` (
  `id` bigint(20) UNSIGNED NOT NULL,
  `perspectiva_id` bigint(20) UNSIGNED NOT NULL,
  `user_id` bigint(20) UNSIGNED NOT NULL,
  `relevancia` int(11) NOT NULL DEFAULT 0,
  `created_at` timestamp NULL DEFAULT NULL,
  `updated_at` timestamp NULL DEFAULT NULL
) ENGINE=InnoDB DEFAULT CHARSET=utf8mb4 COLLATE=utf8mb4_unicode_ci;

--
-- Extraindo dados da tabela `perspectiva_user`
--

INSERT INTO `perspectiva_user` (`id`, `perspectiva_id`, `user_id`, `relevancia`, `created_at`, `updated_at`) VALUES
(1, 1, 1, -5, NULL, NULL),
(2, 3, 1, -6, NULL, NULL),
(3, 3, 2, 1, NULL, NULL),
(4, 1, 2, 1, NULL, NULL);

-- --------------------------------------------------------

--
-- Estrutura da tabela `temas`
--

CREATE TABLE `temas` (
  `id` bigint(20) UNSIGNED NOT NULL,
  `igdb` varchar(255) COLLATE utf8mb4_unicode_ci NOT NULL,
  `nome` varchar(255) COLLATE utf8mb4_unicode_ci NOT NULL,
  `created_at` timestamp NULL DEFAULT NULL,
  `updated_at` timestamp NULL DEFAULT NULL
) ENGINE=InnoDB DEFAULT CHARSET=utf8mb4 COLLATE=utf8mb4_unicode_ci;

--
-- Extraindo dados da tabela `temas`
--

INSERT INTO `temas` (`id`, `igdb`, `nome`, `created_at`, `updated_at`) VALUES
(1, '20', 'Thriller', '2021-04-04 07:23:39', '2021-04-04 07:23:39'),
(2, '18', 'Sci-fi', '2021-04-04 07:23:39', '2021-04-04 07:23:39'),
(3, '1', 'Ação', '2021-04-04 07:23:39', '2021-04-04 07:23:39'),
(4, '19', 'Terror', '2021-04-04 07:23:39', '2021-04-04 07:23:39'),
(5, '21', 'Sobrevivência', '2021-04-04 07:23:39', '2021-04-04 07:23:39'),
(6, '17', 'Fantasia', '2021-04-04 07:23:39', '2021-04-04 07:23:39'),
(7, '23', 'Stealth', '2021-04-04 07:23:39', '2021-04-04 07:23:39'),
(8, '27', 'Comédia', '2021-04-04 07:23:39', '2021-04-04 07:23:39'),
(9, '31', 'Drama', '2021-04-04 07:23:39', '2021-04-04 07:23:39'),
(10, '38', 'Mundo Aberto', '2021-04-04 07:23:39', '2021-04-04 07:23:39');

-- --------------------------------------------------------

--
-- Estrutura da tabela `tema_user`
--

CREATE TABLE `tema_user` (
  `id` bigint(20) UNSIGNED NOT NULL,
  `tema_id` bigint(20) UNSIGNED NOT NULL,
  `user_id` bigint(20) UNSIGNED NOT NULL,
  `relevancia` int(11) NOT NULL DEFAULT 0,
  `created_at` timestamp NULL DEFAULT NULL,
  `updated_at` timestamp NULL DEFAULT NULL
) ENGINE=InnoDB DEFAULT CHARSET=utf8mb4 COLLATE=utf8mb4_unicode_ci;

--
-- Extraindo dados da tabela `tema_user`
--

INSERT INTO `tema_user` (`id`, `tema_id`, `user_id`, `relevancia`, `created_at`, `updated_at`) VALUES
(1, 3, 1, -5, NULL, NULL),
(2, 8, 1, -5, NULL, NULL),
(3, 10, 1, -6, NULL, NULL),
(4, 3, 2, 1, NULL, NULL),
(5, 6, 2, 1, NULL, NULL),
(6, 10, 2, 2, NULL, NULL),
(7, 2, 2, 1, NULL, NULL);

-- --------------------------------------------------------

--
-- Estrutura da tabela `users`
--

CREATE TABLE `users` (
  `id` bigint(20) UNSIGNED NOT NULL,
  `name` varchar(255) COLLATE utf8mb4_unicode_ci NOT NULL,
  `email` varchar(255) COLLATE utf8mb4_unicode_ci NOT NULL,
  `email_verified_at` timestamp NULL DEFAULT NULL,
  `password` varchar(255) COLLATE utf8mb4_unicode_ci NOT NULL,
  `remember_token` varchar(100) COLLATE utf8mb4_unicode_ci DEFAULT NULL,
  `created_at` timestamp NULL DEFAULT NULL,
  `updated_at` timestamp NULL DEFAULT NULL
) ENGINE=InnoDB DEFAULT CHARSET=utf8mb4 COLLATE=utf8mb4_unicode_ci;

--
-- Extraindo dados da tabela `users`
--

INSERT INTO `users` (`id`, `name`, `email`, `email_verified_at`, `password`, `remember_token`, `created_at`, `updated_at`) VALUES
(1, 'Rafael André Hoffmann', 'rafael_hoffmann1205@hotmail.com', NULL, '$2y$10$ofYKemtVw4q44KNlfQ9Pee4VUKah1VZF891zxo.BJyr2ZSB27zr42', NULL, '2021-04-04 07:24:09', '2021-04-04 07:24:09'),
(2, 'Teste de tete', 'teste@teste.com', NULL, '$2y$10$kWoSwqT8XBZwST5oVn3lOu/NM6UlLun6/f13y657yjcaZdto6VAHu', NULL, '2021-04-04 07:28:14', '2021-04-04 07:28:14');

--
-- Índices para tabelas despejadas
--

--
-- Índices para tabela `failed_jobs`
--
ALTER TABLE `failed_jobs`
  ADD PRIMARY KEY (`id`),
  ADD UNIQUE KEY `failed_jobs_uuid_unique` (`uuid`);

--
-- Índices para tabela `generos`
--
ALTER TABLE `generos`
  ADD PRIMARY KEY (`id`);

--
-- Índices para tabela `genero_jogo`
--
ALTER TABLE `genero_jogo`
  ADD PRIMARY KEY (`id`),
  ADD KEY `genero_jogo_jogo_id_foreign` (`jogo_id`),
  ADD KEY `genero_jogo_genero_id_foreign` (`genero_id`);

--
-- Índices para tabela `genero_user`
--
ALTER TABLE `genero_user`
  ADD PRIMARY KEY (`id`),
  ADD KEY `genero_user_genero_id_foreign` (`genero_id`),
  ADD KEY `genero_user_user_id_foreign` (`user_id`);

--
-- Índices para tabela `jogos`
--
ALTER TABLE `jogos`
  ADD PRIMARY KEY (`id`);

--
-- Índices para tabela `jogo_modo`
--
ALTER TABLE `jogo_modo`
  ADD PRIMARY KEY (`id`),
  ADD KEY `jogo_modo_jogo_id_foreign` (`jogo_id`),
  ADD KEY `jogo_modo_modo_id_foreign` (`modo_id`);

--
-- Índices para tabela `jogo_perspectiva`
--
ALTER TABLE `jogo_perspectiva`
  ADD PRIMARY KEY (`id`),
  ADD KEY `jogo_perspectiva_jogo_id_foreign` (`jogo_id`),
  ADD KEY `jogo_perspectiva_perspectiva_id_foreign` (`perspectiva_id`);

--
-- Índices para tabela `jogo_tema`
--
ALTER TABLE `jogo_tema`
  ADD PRIMARY KEY (`id`),
  ADD KEY `jogo_tema_jogo_id_foreign` (`jogo_id`),
  ADD KEY `jogo_tema_tema_id_foreign` (`tema_id`);

--
-- Índices para tabela `migrations`
--
ALTER TABLE `migrations`
  ADD PRIMARY KEY (`id`);

--
-- Índices para tabela `modos`
--
ALTER TABLE `modos`
  ADD PRIMARY KEY (`id`);

--
-- Índices para tabela `modo_user`
--
ALTER TABLE `modo_user`
  ADD PRIMARY KEY (`id`),
  ADD KEY `modo_user_modo_id_foreign` (`modo_id`),
  ADD KEY `modo_user_user_id_foreign` (`user_id`);

--
-- Índices para tabela `perspectivas`
--
ALTER TABLE `perspectivas`
  ADD PRIMARY KEY (`id`);

--
-- Índices para tabela `perspectiva_user`
--
ALTER TABLE `perspectiva_user`
  ADD PRIMARY KEY (`id`),
  ADD KEY `perspectiva_user_perspectiva_id_foreign` (`perspectiva_id`),
  ADD KEY `perspectiva_user_user_id_foreign` (`user_id`);

--
-- Índices para tabela `temas`
--
ALTER TABLE `temas`
  ADD PRIMARY KEY (`id`);

--
-- Índices para tabela `tema_user`
--
ALTER TABLE `tema_user`
  ADD PRIMARY KEY (`id`),
  ADD KEY `tema_user_tema_id_foreign` (`tema_id`),
  ADD KEY `tema_user_user_id_foreign` (`user_id`);

--
-- Índices para tabela `users`
--
ALTER TABLE `users`
  ADD PRIMARY KEY (`id`),
  ADD UNIQUE KEY `users_email_unique` (`email`);

--
-- AUTO_INCREMENT de tabelas despejadas
--

--
-- AUTO_INCREMENT de tabela `failed_jobs`
--
ALTER TABLE `failed_jobs`
  MODIFY `id` bigint(20) UNSIGNED NOT NULL AUTO_INCREMENT;

--
-- AUTO_INCREMENT de tabela `generos`
--
ALTER TABLE `generos`
  MODIFY `id` bigint(20) UNSIGNED NOT NULL AUTO_INCREMENT, AUTO_INCREMENT=18;

--
-- AUTO_INCREMENT de tabela `genero_jogo`
--
ALTER TABLE `genero_jogo`
  MODIFY `id` bigint(20) UNSIGNED NOT NULL AUTO_INCREMENT, AUTO_INCREMENT=1014;

--
-- AUTO_INCREMENT de tabela `genero_user`
--
ALTER TABLE `genero_user`
  MODIFY `id` bigint(20) UNSIGNED NOT NULL AUTO_INCREMENT, AUTO_INCREMENT=8;

--
-- AUTO_INCREMENT de tabela `jogos`
--
ALTER TABLE `jogos`
  MODIFY `id` bigint(20) UNSIGNED NOT NULL AUTO_INCREMENT, AUTO_INCREMENT=501;

--
-- AUTO_INCREMENT de tabela `jogo_modo`
--
ALTER TABLE `jogo_modo`
  MODIFY `id` bigint(20) UNSIGNED NOT NULL AUTO_INCREMENT, AUTO_INCREMENT=903;

--
-- AUTO_INCREMENT de tabela `jogo_perspectiva`
--
ALTER TABLE `jogo_perspectiva`
  MODIFY `id` bigint(20) UNSIGNED NOT NULL AUTO_INCREMENT, AUTO_INCREMENT=424;

--
-- AUTO_INCREMENT de tabela `jogo_tema`
--
ALTER TABLE `jogo_tema`
  MODIFY `id` bigint(20) UNSIGNED NOT NULL AUTO_INCREMENT, AUTO_INCREMENT=1151;

--
-- AUTO_INCREMENT de tabela `migrations`
--
ALTER TABLE `migrations`
  MODIFY `id` int(10) UNSIGNED NOT NULL AUTO_INCREMENT, AUTO_INCREMENT=151;

--
-- AUTO_INCREMENT de tabela `modos`
--
ALTER TABLE `modos`
  MODIFY `id` bigint(20) UNSIGNED NOT NULL AUTO_INCREMENT, AUTO_INCREMENT=7;

--
-- AUTO_INCREMENT de tabela `modo_user`
--
ALTER TABLE `modo_user`
  MODIFY `id` bigint(20) UNSIGNED NOT NULL AUTO_INCREMENT, AUTO_INCREMENT=4;

--
-- AUTO_INCREMENT de tabela `perspectivas`
--
ALTER TABLE `perspectivas`
  MODIFY `id` bigint(20) UNSIGNED NOT NULL AUTO_INCREMENT, AUTO_INCREMENT=5;

--
-- AUTO_INCREMENT de tabela `perspectiva_user`
--
ALTER TABLE `perspectiva_user`
  MODIFY `id` bigint(20) UNSIGNED NOT NULL AUTO_INCREMENT, AUTO_INCREMENT=5;

--
-- AUTO_INCREMENT de tabela `temas`
--
ALTER TABLE `temas`
  MODIFY `id` bigint(20) UNSIGNED NOT NULL AUTO_INCREMENT, AUTO_INCREMENT=11;

--
-- AUTO_INCREMENT de tabela `tema_user`
--
ALTER TABLE `tema_user`
  MODIFY `id` bigint(20) UNSIGNED NOT NULL AUTO_INCREMENT, AUTO_INCREMENT=8;

--
-- AUTO_INCREMENT de tabela `users`
--
ALTER TABLE `users`
  MODIFY `id` bigint(20) UNSIGNED NOT NULL AUTO_INCREMENT, AUTO_INCREMENT=3;

--
-- Restrições para despejos de tabelas
--

--
-- Limitadores para a tabela `genero_jogo`
--
ALTER TABLE `genero_jogo`
  ADD CONSTRAINT `genero_jogo_genero_id_foreign` FOREIGN KEY (`genero_id`) REFERENCES `generos` (`id`) ON DELETE CASCADE,
  ADD CONSTRAINT `genero_jogo_jogo_id_foreign` FOREIGN KEY (`jogo_id`) REFERENCES `jogos` (`id`) ON DELETE CASCADE;

--
-- Limitadores para a tabela `genero_user`
--
ALTER TABLE `genero_user`
  ADD CONSTRAINT `genero_user_genero_id_foreign` FOREIGN KEY (`genero_id`) REFERENCES `generos` (`id`) ON DELETE CASCADE,
  ADD CONSTRAINT `genero_user_user_id_foreign` FOREIGN KEY (`user_id`) REFERENCES `users` (`id`) ON DELETE CASCADE;

--
-- Limitadores para a tabela `jogo_modo`
--
ALTER TABLE `jogo_modo`
  ADD CONSTRAINT `jogo_modo_jogo_id_foreign` FOREIGN KEY (`jogo_id`) REFERENCES `jogos` (`id`) ON DELETE CASCADE,
  ADD CONSTRAINT `jogo_modo_modo_id_foreign` FOREIGN KEY (`modo_id`) REFERENCES `modos` (`id`) ON DELETE CASCADE;

--
-- Limitadores para a tabela `jogo_perspectiva`
--
ALTER TABLE `jogo_perspectiva`
  ADD CONSTRAINT `jogo_perspectiva_jogo_id_foreign` FOREIGN KEY (`jogo_id`) REFERENCES `jogos` (`id`) ON DELETE CASCADE,
  ADD CONSTRAINT `jogo_perspectiva_perspectiva_id_foreign` FOREIGN KEY (`perspectiva_id`) REFERENCES `perspectivas` (`id`) ON DELETE CASCADE;

--
-- Limitadores para a tabela `jogo_tema`
--
ALTER TABLE `jogo_tema`
  ADD CONSTRAINT `jogo_tema_jogo_id_foreign` FOREIGN KEY (`jogo_id`) REFERENCES `jogos` (`id`) ON DELETE CASCADE,
  ADD CONSTRAINT `jogo_tema_tema_id_foreign` FOREIGN KEY (`tema_id`) REFERENCES `temas` (`id`) ON DELETE CASCADE;

--
-- Limitadores para a tabela `modo_user`
--
ALTER TABLE `modo_user`
  ADD CONSTRAINT `modo_user_modo_id_foreign` FOREIGN KEY (`modo_id`) REFERENCES `modos` (`id`) ON DELETE CASCADE,
  ADD CONSTRAINT `modo_user_user_id_foreign` FOREIGN KEY (`user_id`) REFERENCES `users` (`id`) ON DELETE CASCADE;

--
-- Limitadores para a tabela `perspectiva_user`
--
ALTER TABLE `perspectiva_user`
  ADD CONSTRAINT `perspectiva_user_perspectiva_id_foreign` FOREIGN KEY (`perspectiva_id`) REFERENCES `perspectivas` (`id`) ON DELETE CASCADE,
  ADD CONSTRAINT `perspectiva_user_user_id_foreign` FOREIGN KEY (`user_id`) REFERENCES `users` (`id`) ON DELETE CASCADE;

--
-- Limitadores para a tabela `tema_user`
--
ALTER TABLE `tema_user`
  ADD CONSTRAINT `tema_user_tema_id_foreign` FOREIGN KEY (`tema_id`) REFERENCES `temas` (`id`) ON DELETE CASCADE,
  ADD CONSTRAINT `tema_user_user_id_foreign` FOREIGN KEY (`user_id`) REFERENCES `users` (`id`) ON DELETE CASCADE;
COMMIT;

/*!40101 SET CHARACTER_SET_CLIENT=@OLD_CHARACTER_SET_CLIENT */;
/*!40101 SET CHARACTER_SET_RESULTS=@OLD_CHARACTER_SET_RESULTS */;
/*!40101 SET COLLATION_CONNECTION=@OLD_COLLATION_CONNECTION */;
